state,year,beauty_rev,beauty_est,beauty_ent,beauty_emp,beauty_wag,wellness_rev,wellness_est,wellness_ent,wellness_emp,wellness_wag
AK,2007,129.64510505135,1555,1555,2576,57.69400045126,79.20896554019,217,190,1809,28.24473562498
AK,2008,123.91929158555,1629,1629,2613,58.07965103784,74.11497449166,226,194,1680,25.99273521991
AK,2009,122.89218036847,1779,1779,2780,60.87007190068,79.64854258722,225,194,1783,26.93571192373
AK,2010,132.28244208614,1977,1977,3094,62.04149141489,85.12919467904,243,211,1790,26.98649410817
AK,2011,142.92120321278,2316,2316,3526,66.56785557586,83.17463739751,220,187,1914,27.47907874349
AK,2012,131.11401560566,2149,2149,3259,63.56993157981,88.72017863256,238,195,1743,25.62272246255
AK,2013,139.82088033137,2129,2129,3259,60.27663994148,81.50139070416,227,187,1836,27.4531194853
AK,2014,134.67889836877,2064,2056,3205,60.55108521702,96.369416305,259,223,2132,31.34079629514
AK,2015,136.16354525987,2082,2082,2966,56.95496980824,95.98852691725,259,232,1875,27.07148616126
AK,2016,137.44467393207,2004,2004,2879,56.64840256991,101.40200315397,263,243,1922,27.45500603555
AK,2017,137.90153776791,1909,1909,2863,57.09071716657,91.26625748948,264,248,2110,29.74502208083
AK,2018,144.23852994801,1984,1984,2800,56.4166648899,94.53756614348,227,206,2225,30.98985950605
AK,2019,144.94146885301,1958,1958,2807,57.36695022919,99.13832902674,238,218,2320,33.06600865321
AK,2020,111.5663755408,1989,1989,2696,44.14495541693,70.1301465468,213,191,2294,23.80558902187
AK,2021,148.75742474218,2085,2085,2644,53.2403873539,82.009799323,218,198,1738,27.32462840002
AK,2022,164.70468969649,2249,2184,2841,56.85411120183,94.10982805614,210,191,1493,22.60364316723
AK,2023,164.49837998274,2268,2190,2833,55.89836049146,88.5245959668,205,187,1440,21.42728027067
AK,2024,161.68030258821,2279,2194,2796,53.64626695091,88.06739553767,202,187,1438,20.85284549387
AL,2007,501.56047850487,8867,8333,10725,181.20393115733,200.93449682149,1002,1002,4695,58.86071225729
AL,2008,536.86850881012,9269,8657,11192,185.78543608345,215.0614991871,1065,1065,5392,66.33407301999
AL,2009,513.22425489449,9637,8818,11630,186.36967660341,215.89516322037,1054,1049,5206,61.26547877586
AL,2010,520.37752215644,10165,9471,12424,186.61512635431,217.00263012543,1018,1011,5259,63.21788701628
AL,2011,520.8681062715,10758,10142,12776,192.10234506233,212.70985894209,1001,994,4937,60.08991297491
AL,2012,486.51806080248,10448,9646,12243,181.1884218636,222.85879411182,1071,1070,5298,62.9189336094
AL,2013,539.15521749302,10689,10008,12519,173.37534760963,226.3153185381,1090,1090,5341,63.65756877517
AL,2014,530.24790515624,10805,10228,11780,172.43450905922,250.39162191044,1129,1129,5872,71.198208958
AL,2015,542.68552291268,10585,10000,12004,187.15862732966,257.79571598878,1114,1114,5836,72.84546027231
AL,2016,557.49833070378,10358,9751,11806,188.23952315416,281.85312965199,1120,1120,6468,79.69336225486
AL,2017,623.14197454285,10549,10018,12233,198.16325817152,285.19316639839,1171,1165,6928,84.44456522645
AL,2018,605.38079252433,10316,10021,12302,201.99141414093,286.46404685726,1232,1230,7012,84.72627130157
AL,2019,640.51724718538,10628,10302,12867,214.88309112633,292.33505047011,1263,1263,6790,84.19116594171
AL,2020,492.85027207391,10321,10302,12206,167.84618817692,215.27669441588,1114,1095,7626,70.7265119882
AL,2021,693.02759970658,11913,11913,13780,234.08753283876,272.746450689,1173,1136,6332,89.39088916737
AL,2022,750.95705671539,12110,11986,14378,246.68123051028,340.07872399144,1192,1192,6712,92.74980950046
AL,2023,755.41466587375,12089,12036,14583,252.62332659565,324.40782561322,1181,1181,6440,89.59015970211
AL,2024,747.81737153532,12016,12016,14640,250.07477618931,327.28447745287,1193,1193,6400,87.9869742495
AR,2007,195.69609267554,3863,3776,4201,66.4583002298,105.03411693433,640,640,2353,32.75995076586
AR,2008,203.53818663879,4003,3880,4117,64.39981423356,113.84324055731,624,624,2425,33.33456120313
AR,2009,203.78496839921,4302,4146,4613,70.13359715964,118.7289210129,621,621,2492,32.98792741765
AR,2010,213.61657722999,4572,4448,5298,75.80828520059,126.78284545846,653,653,2603,35.34756283861
AR,2011,212.02117818453,4822,4697,5360,76.09617991066,127.84204801653,689,689,2414,32.88872704492
AR,2012,216.11997749472,4973,4768,5216,74.92336308672,127.13162493305,639,639,2417,33.03419069692
AR,2013,223.16693339452,4970,4723,5392,71.9215874697,121.75755159153,678,678,2292,31.20403024648
AR,2014,216.60398395565,5049,4761,5049,65.29404645996,126.30079121688,658,658,2483,33.76273167818
AR,2015,227.07894905765,5069,4718,5069,69.85351617713,136.99990413353,676,676,2713,37.34940375512
AR,2016,243.38102694038,5236,4836,5236,75.54257481214,138.89070048799,637,637,2775,38.27413983276
AR,2017,251.31450801926,5359,5029,5359,76.59277768437,132.71015270463,589,589,2681,36.66739558127
AR,2018,271.1574813307,5249,4985,5546,85.89633726745,132.21291366678,629,629,2646,35.7686889349
AR,2019,290.35388176613,5489,5255,5781,92.37712905335,143.42656323446,673,673,2867,40.32601991735
AR,2020,239.89854090953,5888,5488,6012,78.70311332476,102.01974511328,627,627,2817,29.4911557148
AR,2021,319.20838451009,6241,5855,6745,107.9011021831,123.46312608698,621,613,2326,36.6670986172
AR,2022,369.23528517574,6414,6400,6738,108.04599257441,131.1131630108,614,614,2415,36.98262646936
AR,2023,376.82562213504,6516,6516,6928,110.63670557143,122.9387241243,605,605,2323,35.31689054562
AR,2024,378.45781775691,6592,6592,7051,112.27139997172,121.91393102897,607,607,2314,35.15864986414
AZ,2007,1140.40522664562,14580,13319,23733,430.47581734818,601.88502273708,1523,1402,10717,188.25756740925
AZ,2008,1124.09806688501,15474,14188,25787,464.01527619607,542.67310114913,1440,1381,11599,201.87090858412
AZ,2009,1064.27139237773,16285,14916,25777,453.84386839464,566.78851798035,1401,1257,11643,196.46637627968
AZ,2010,1098.99125770048,17757,16367,27122,438.98928908613,540.01035661627,1320,1185,11509,194.56066657811
AZ,2011,1098.42452683323,18678,17342,27856,460.29719349882,561.85795670162,1381,1234,11706,204.35828855692
AZ,2012,1083.23013989096,18981,17577,28147,457.9157206911,588.85580718567,1430,1276,12057,205.44302680175
AZ,2013,1170.1295049771,18988,17589,28546,434.71635970753,593.43867595282,1493,1338,12409,212.26797062079
AZ,2014,1185.47916422768,19799,18501,27955,448.90686058517,707.96521644653,1589,1403,13219,229.49542488713
AZ,2015,1230.41871428842,19521,18331,28659,480.14591437298,742.11530466993,1582,1392,13622,238.46804660686
AZ,2016,1280.76839560211,19326,18119,28742,488.09589329529,829.27458979267,1706,1532,14192,243.08807704741
AZ,2017,1360.00914181217,20171,18912,29951,527.86047783116,837.56425559678,1889,1648,14943,258.62641634692
AZ,2018,1453.03390576219,20483,19327,30683,553.48370124239,871.25798799275,2029,1730,15451,267.72493978681
AZ,2019,1568.03011686646,21628,20460,31981,596.34727324455,929.19873645231,2140,1849,15771,284.96993199597
AZ,2020,1288.37090548191,22858,22120,31676,479.64073761236,668.01199840206,1907,1652,15802,210.62242228645
AZ,2021,1737.6878888249,24684,23810,34415,648.93596392158,816.6936451712,1879,1627,10834,221.56176766438
AZ,2022,2093.82043200465,26179,24806,35758,689.21442928452,948.94743662161,1962,1878,12345,250.11565306684
AZ,2023,2136.46225889333,26854,25258,36069,692.84725525037,928.47994429575,1954,1915,11951,240.62512644785
AZ,2024,2145.31389221581,27429,25664,36012,693.71492736307,960.78258750857,1984,1984,11988,242.57769811808
CA,2007,6292.96193496483,96466,96466,131711,2492.98530849392,4878.60883568505,10894,9610,69020,1641.96556429405
CA,2008,6395.01081453892,102428,102428,137238,2602.41561089735,4978.24787428592,10745,9423,74772,1779.81283096752
CA,2009,6213.29651410436,109828,109828,143123,2637.50183252611,5090.336344253809,10623,9262,74886,1716.4579815134
CA,2010,6497.86587652217,120417,120417,152980,2644.84586369424,5150.81918366624,10484,9139,74140,1737.4005683901
CA,2011,6604.19451032261,128140,128140,160577,2785.7767385238,5259.991187818129,10537,9157,75310,1791.45079366457
CA,2012,6845.82699154527,129149,129149,161711,2768.669590771,5354.67394097333,11105,9620,77434,1802.10113573858
CA,2013,7255.044087326551,133832,133832,167704,2708.46925277106,5312.41038507658,11162,9672,79662,1875.52536032744
CA,2014,7346.787349668711,137170,137170,170601,2845.63112576749,5818.320012528329,11700,10129,84437,1976.15821101031
CA,2015,7647.51571392317,138088,138088,171664,3000.51800051812,6143.94341668046,11974,10414,87223,2067.39598503543
CA,2016,7988.670361807471,136667,136667,173643,3140.590019494,6568.8446048835,12144,10568,90479,2142.22152141121
CA,2017,8252.07099848007,138484,138484,175905,3221.16923635753,6805.46065400382,12669,10894,95607,2231.4347427653
CA,2018,8781.49697080412,142145,142145,179835,3350.28184596474,6849.41689025378,12976,11193,99139,2302.43107623532
CA,2019,9182.544048369191,145172,145172,184209,3500.74266305211,7110.16041691203,13348,11510,101632,2428.94690362059
CA,2020,6964.715257518191,143763,143763,181905,2797.92424957016,4875.54250484578,12017,10294,101423,1782.11073953305
CA,2021,9086.05795290745,150155,150155,178957,3476.7614123107,5800.66107716876,12085,10423,71814,1964.00115846211
CA,2022,10136.16519320303,155659,155659,191265,3760.69137623353,6694.89874089724,12077,10248,79995,2145.86465389906
CA,2023,10316.31563744168,158409,158409,194248,3826.1785145614704,6384.96667703741,11898,10130,77436,2074.84598499533
CA,2024,10334.24293617561,160541,160541,195304,3860.33494513984,6440.925019281751,11953,10180,77661,2092.71267107909
CO,2007,1006.46325769988,15236,14477,21235,435.41585796536,641.56515692326,1668,1650,10309,197.39734305321
CO,2008,1062.12391574889,16460,15739,22875,463.83616642774,649.82633634559,1671,1642,10560,199.68349979995
CO,2009,1012.69052374202,17071,17007,22967,459.04431204312,663.4265020825,1645,1624,10539,194.65271367465
CO,2010,1127.21541597539,19801,19126,26695,503.03249696076,671.97607000862,1588,1558,10988,208.51685750128
CO,2011,1162.36103944813,21457,20778,28089,523.37939650165,689.36579910864,1637,1601,12419,235.72285832845
CO,2012,1191.71042670501,21281,20768,27471,505.12246600296,708.305907119,1702,1679,13062,242.56210541888
CO,2013,1305.00976645201,22638,22212,30081,519.62070714173,700.37731889656,1756,1718,14317,267.86367173794
CO,2014,1364.67787939211,24140,23926,30501,559.92122070539,770.53465999782,1939,1917,14884,284.82081497937
CO,2015,1470.95513588145,24837,24743,32295,613.43063650673,817.24423587032,2054,2017,15490,296.438472759
CO,2016,1552.0761140404,24913,24913,32906,652.48301147864,876.31962898886,2089,2079,15584,300.53957744201
CO,2017,1616.61913968493,25462,25462,33984,698.43245403543,902.14085486281,2267,2231,15955,310.50712072143
CO,2018,1818.9469100325,26989,26989,36504,754.57393981433,913.90529005314,2363,2342,16449,314.92179015373
CO,2019,1952.23400084955,27914,27914,39147,834.05844383304,952.16222994287,2485,2455,17118,340.76847035565
CO,2020,1511.38191871184,27587,27587,39673,687.10469216708,650.50117587803,2202,2174,16963,249.35860754538
CO,2021,2007.05346237362,29743,29743,39598,845.36996694795,767.3604082436,2234,2234,11798,263.4025142994
CO,2022,2348.06496836198,31556,31556,41737,920.40317177346,879.96784939576,2290,2050,13706,306.36101020243
CO,2023,2441.22297229139,32801,32801,43318,945.18572294054,841.20170626813,2225,2009,13360,294.60569414311
CO,2024,2497.72496622799,33948,33948,44500,968.28986329101,850.55596917906,2205,2002,13490,297.30843117897
CT,2007,1192.09256404857,16143,16143,23049,480.80902025727,557.35091528215,1538,1538,8541,198.52623581154
CT,2008,1162.05212246884,16949,16949,24483,503.87709980862,573.81031339743,1486,1486,9923,227.27396338796
CT,2009,1126.70264183203,18021,18021,26071,524.33065582149,612.96607907099,1467,1448,11263,249.77415017915
CT,2010,1170.11142482716,19622,19622,26959,501.02925524892,611.61477516876,1425,1421,11044,246.63793646729
CT,2011,1192.45138307421,21136,21136,28384,522.59832987494,622.78769317733,1438,1428,11027,246.78667756797
CT,2012,1294.38517699782,21036,21036,29587,545.24059944215,635.39098315067,1477,1451,11583,257.23610405574
CT,2013,1299.34321867276,21829,21829,30439,533.56062243985,620.55805323046,1466,1420,12233,277.14006191933
CT,2014,1288.05828197918,21934,21934,30800,567.45654220789,711.88631770078,1651,1545,13354,306.05246403954
CT,2015,1371.34617065184,23143,23143,31377,604.05412663228,750.40726987642,1717,1603,13430,310.82254848105
CT,2016,1443.76864286186,22739,22739,33709,668.4540521061,787.76331454069,1718,1595,13509,310.89457217663
CT,2017,1376.98961925789,22259,22259,31970,651.82605196489,870.87063663194,1722,1612,15618,359.82081207841
CT,2018,1475.08278716446,22625,22625,31919,656.68036230362,829.73006191894,1769,1659,15708,357.16542174442
CT,2019,1524.64239787603,23078,23078,32681,682.83514099363,830.13576472454,1760,1664,15431,359.46169337873
CT,2020,1080.69325557193,21220,21220,31251,527.40373136093,569.14391213419,1566,1475,15564,266.02804209546
CT,2021,1335.34508466384,21140,21140,28584,604.02106622736,662.032415993,1585,1470,10428,275.00766321134
CT,2022,1436.7834683743,21464,21464,30570,635.58811862843,664.96329778905,1519,1424,10931,274.87040187985
CT,2023,1440.00961767868,21462,21462,30849,637.64585926581,629.16093796989,1463,1381,10421,259.75595235
CT,2024,1420.29739658379,21368,21368,30815,632.32367880917,629.57583966268,1437,1361,10292,255.24077685905
DE,2007,251.17509339125,3055,3055,6115,116.19098090615,59.69577135171,338,338,1097,17.11407295642
DE,2008,251.57599004551,3266,3266,5898,108.37096569763,112.64812416791,350,343,2683,40.42039100057
DE,2009,239.29477502344,3403,3403,6122,109.99691544014,118.29128637581,367,365,2641,38.54977292168
DE,2010,257.53187560941,3853,3853,6746,110.8497065243,123.76433039617,371,371,2719,39.55955670591
DE,2011,246.02416827018,3872,3872,6712,107.92411214181,126.74169260183,384,384,2706,38.96171956915
DE,2012,254.89586364782,3888,3888,6784,108.54399422289,119.09694244006,392,392,2755,39.13410549005
DE,2013,277.60336284822,4210,4210,7202,110.19092467909,124.14426840331,386,386,2792,40.68206491124
DE,2014,287.70707552685,4282,4282,7868,125.94868945711,139.29747957126,412,412,2990,43.8687483837
DE,2015,292.71698582428,4317,4317,7559,126.35048048015,143.94220288455,403,403,3082,45.63434197502
DE,2016,301.8938016628,4189,4189,7576,131.25662986003,152.60225669652,414,414,3155,46.72982569705
DE,2017,315.56104299669,4298,4298,7554,129.73271826141,140.1114219761,422,422,1646,23.52815943438
DE,2018,329.9684611188,4467,4467,7888,136.71506834302,162.34365355796,466,466,3323,46.89824937417
DE,2019,340.04208151094,4443,4443,7954,138.60004669945,176.19791632222,497,497,3656,52.32512358248
DE,2020,268.52788604352,4642,4642,8067,113.68666774062,120.29616788002,422,422,3547,37.29992014157
DE,2021,347.00780368848,4770,4770,8105,138.97005601278,146.36818899877,445,445,2370,37.36562273938
DE,2022,362.97812171913,5003,5003,8468,144.47759557303,148.91055689642,399,399,2448,37.22223657816
DE,2023,367.86881522035,5078,5078,8554,144.41797319527,144.34314899164,398,398,2383,35.74367317585
DE,2024,366.89798459551,5133,5133,8554,142.63531321864,147.97525251846,403,403,2402,35.67101162873
FL,2007,3913.8128213122,61421,61421,71588,1316.28625833812,1712.77075660911,5036,5036,25997,444.62879232261
FL,2008,3972.4977980768094,65216,65216,74593,1333.39151375296,1735.69526085859,4877,4877,28136,467.24016757059
FL,2009,3854.9266337076497,69928,69928,77791,1355.29246658926,1772.92077278787,4891,4891,28244,452.94621876462
FL,2010,4026.5268076827906,76670,76670,83149,1369.49104974411,1796.69073764535,4818,4818,27919,461.27488393399
FL,2011,4087.3292264212,81587,81587,87278,1443.86433611424,1844.14452258063,4832,4832,28395,476.68489936659
FL,2012,4231.55152122731,82230,82230,87894,1444.74478133781,1895.80861921193,5207,5207,29247,483.62658256221
FL,2013,4478.80023003502,85211,85211,91151,1396.48143137253,1875.58541940537,5401,5320,30102,497.54280999812
FL,2014,4529.61133227783,87337,87337,92726,1485.20889683691,2064.57591234359,5646,5572,32066,533.33586924205
FL,2015,4708.90064858169,87921,87921,93304,1583.16628161841,2190.9235684665,5967,5726,33045,562.70060043225
FL,2016,4912.50623485938,87016,87016,94379,1650.94562578103,2350.59273306641,6167,5811,34425,583.40701481502
FL,2017,5067.74498388556,88174,88174,95609,1708.61176206005,2421.20474756309,6398,5991,36247,611.01483392234
FL,2018,5385.6383888621,90505,90505,97745,1806.70159938037,2454.16368301078,6708,6156,37482,639.17845572358
FL,2019,5623.95815993408,92432,92432,100122,1880.0118000499,2558.35806250351,7135,6329,38258,668.60077664146
FL,2020,4259.77221311838,91533,91533,98869,1510.61134883548,1748.8372939851,6665,5661,38332,495.1545671844
FL,2021,5549.52638048124,95604,95604,97267,1855.01473879697,2064.21331139309,6781,5731,26279,522.11480957573
FL,2022,6182.22625129974,99107,99107,103957,2030.16621742845,2368.52953603912,6773,5636,29945,590.44514851251
FL,2023,6283.18658996408,100859,100859,105578,2064.24853650982,2265.54102120754,6776,5570,28991,570.63981146091
FL,2024,6285.08822716505,102217,102217,106151,2073.41320198833,2292.12059666278,6912,5597,29080,573.08000649223
GA,2007,1493.47661840386,21712,21650,30030,560.54995382452,706.12416340315,2603,2603,12590,192.93998261269
GA,2008,1588.08623674819,23488,23254,31055,569.81748264904,648.27712151358,2472,2472,13626,205.00037209446
GA,2009,1485.7626698389,24472,24472,30753,557.07638826697,652.36909313252,2311,2311,13678,201.30166744138
GA,2010,1516.66915538512,26181,26181,31710,537.94837088194,658.36882164327,2296,2296,13521,203.08376371115
GA,2011,1511.4277696794,27298,27298,32641,555.75537262177,659.06525080335,2215,2215,13751,209.69812330437
GA,2012,1507.33800518997,27666,27666,31481,531.64804089334,699.75165110728,2372,2372,14164,212.38314670987
GA,2013,1652.78647091536,28701,28701,33262,521.36721772592,671.32984050802,2330,2330,14578,217.58443060258
GA,2014,1699.10895942921,29908,29908,34254,561.33415463064,777.42831776483,2524,2485,15529,233.23758712662
GA,2015,1788.21329038255,30305,30305,35345,608.62523460767,857.1196598963,2672,2654,16003,244.08495783503
GA,2016,1867.16302075754,30216,30216,35715,635.94295128247,924.11180439761,2811,2807,16672,253.83717810055
GA,2017,1981.82355622462,31434,31434,35843,637.97440413329,959.36861326531,3045,3001,17554,260.11956421556
GA,2018,2097.31534179261,32452,32452,38008,687.15404105765,999.13459007388,3163,3127,18152,267.2256637037
GA,2019,2229.37346722084,33774,33774,39779,742.33136664164,1042.07137993719,3182,3145,18527,284.01966407151
GA,2020,1750.43675138044,34729,34729,37690,569.80131614166,727.35454720703,2921,2864,18564,209.42384740659
GA,2021,2439.91758734676,39616,39616,41352,799.70991072787,933.52926612724,3025,2965,12727,226.30526761756
GA,2022,2719.01476736584,40326,39648,42459,828.28395164422,1187.14602646628,2882,2882,14502,252.10558550821
GA,2023,2781.17582664384,41428,40669,42939,839.80501397793,1141.93602127572,2821,2821,14040,243.99031447808
GA,2024,2799.5301785151,42378,41628,42982,842.0162763396,1161.72043352079,2816,2816,14083,245.67567805942
HI,2007,338.86727856278,3360,3229,6500,106.62074827105,118.26005220899,252,249,1671,29.76936290285
HI,2008,316.00703849743,3515,3377,6482,106.07490436122,109.74954241717,232,223,1700,30.183271316
HI,2009,296.28992255077,3702,3531,6378,102.93567836018,115.07047128645,246,230,1632,28.32298361263
HI,2010,321.68374447689,4224,4074,7025,101.52832976219,113.42937643006,234,224,1601,27.11160670046
HI,2011,326.79187971879,4453,4301,7677,109.87986374324,116.91179244438,229,223,1682,28.5233862239
HI,2012,328.04942005609,4343,4295,7616,111.48694077214,124.96091765342,260,258,1785,30.70080669305
HI,2013,357.46782515811,4614,4554,8089,107.50750385555,130.8799757976,246,241,1923,32.20398732564
HI,2014,348.154586122,4641,4464,7795,106.43321669489,144.86316917781,250,244,2146,35.539936843
HI,2015,367.49308759147,4834,4664,7890,113.94673232709,152.35087681503,256,245,2154,36.46108251746
HI,2016,370.10189853163,4702,4545,7380,112.99781644119,159.38069836888,260,246,2217,38.40892343779
HI,2017,368.9240433495,4924,4781,7180,110.36288317248,167.09546718757,240,232,2211,37.4432278288
HI,2018,416.48272060014,5214,4997,7665,115.96400544819,141.85369255725,238,226,2152,35.07526561731
HI,2019,421.68592054821,5141,4934,7864,124.31945795247,148.72690427605,247,233,2229,38.30322242805
HI,2020,286.83549427825,4828,4569,6458,79.98385365802,94.30953894394,226,214,1992,24.35804842224
HI,2021,355.80403995433,4826,4687,5948,94.22090793528,114.00867233206,236,224,1247,24.04042824583
HI,2022,385.9744154462,4926,4136,6601,104.84029043013,135.03176755835,232,220,1529,28.6368322601
HI,2023,389.16237504972,4912,4144,6843,107.07364868492,127.2982727999,228,214,1467,26.98607028707
HI,2024,386.13840666488,4877,4142,7021,109.21338464907,126.92036020222,229,212,1458,26.72209164404
IA,2007,505.79884548982,9226,9138,12225,196.4693148027,160.17150980027,919,919,5161,50.73687026858
IA,2008,530.6724885708,9366,9216,12335,196.5437943211,207.32414309904,1028,1028,7303,71.09363777886
IA,2009,519.61315963479,10040,9852,12906,198.69845059708,216.3088545088,1004,1004,7542,70.28917473255
IA,2010,531.62596759568,10615,10516,13778,195.74615892656,220.73023353733,994,994,7611,71.33487246282
IA,2011,531.58112497844,11233,10835,14282,203.87105784029,232.79799542453,1031,1031,7927,75.51628568845
IA,2012,521.77157799664,10962,10539,13606,195.04805157906,221.55374212258,1098,1098,8205,77.82351870782
IA,2013,540.96547241697,11058,10572,13431,180.53642990982,233.12628709632,1100,1100,8349,79.62693498121
IA,2014,550.26552724714,11405,10937,13760,194.18836689431,256.06637178027,1117,1117,9293,89.55621660165
IA,2015,556.35824436249,11043,10525,13752,205.71009624218,255.68299029606,1069,1069,8988,88.7404876446
IA,2016,562.36954776945,10676,10150,13246,203.08954292562,273.27068247298,1079,1079,9278,90.63430172501
IA,2017,577.90905076641,10672,10071,13082,206.37117086296,290.27191764019,1070,1070,9311,91.11876887035
IA,2018,584.13899652037,10825,10176,12567,195.65740868019,267.58171705853,1067,1067,9336,88.19788670343
IA,2019,595.22236997861,10595,9892,13138,209.80514793696,275.83848265888,1085,1085,9505,92.90870876505
IA,2020,451.15760452784,10452,9739,12163,157.34507418048,185.54513728499,978,978,8723,62.74156812962
IA,2021,587.05497608887,10677,10253,12796,205.98500783836,224.87977209593,988,988,6793,74.91894702668
IA,2022,603.67823083891,10920,10159,12513,203.62758411149,267.32648541595,972,972,7100,76.72015017344
IA,2023,601.72552157308,10878,10152,12419,201.45200815201,256.58461851786,946,946,6841,73.46995895342
IA,2024,590.24345072485,10788,10123,12199,196.37387635735,260.4602625086,939,939,6828,72.93439625138
ID,2007,140.22506881113,2516,2297,3797,52.517652782,81.12771408669,419,419,2138,22.53245504876
ID,2008,155.06048361821,2778,2567,4033,55.61297761996,102.59818384277,433,433,3062,32.14133140944
ID,2009,152.7398291135,3113,2904,4076,54.05485654635,101.8384656111,444,444,2778,27.79082789443
ID,2010,156.59602167134,3280,3163,4478,53.71785357755,106.14132810448,440,440,2824,27.85003072814
ID,2011,150.85637219738,3362,3213,4335,53.06759590905,110.09922695308,437,437,3131,31.87740053909
ID,2012,152.04214772661,3422,3222,4229,51.22369171932,106.08437707988,438,438,3127,31.2238900407
ID,2013,170.80626237797,3627,3456,4554,51.03366478641,111.64583383246,459,459,3367,33.35776840308
ID,2014,172.08156613473,3694,3571,4515,52.86336789694,110.50127729748,452,452,3027,30.15941528786
ID,2015,186.5886910689,3741,3602,4984,62.39100728944,116.85451746096,464,464,3143,32.35427715451
ID,2016,184.12865878637,3483,3348,4616,59.15977061158,127.38583235283,470,470,3385,34.44498074448
ID,2017,211.40411698787,3864,3658,5045,65.44003661874,132.70747545042,517,517,3300,33.08116947752
ID,2018,236.67874864671,4183,3998,5660,72.53438047855,145.23485043819,564,564,3786,36.68344721907
ID,2019,261.71303284775,4477,4343,5993,79.36806306924,150.74310936819,554,554,4126,41.67527875426
ID,2020,215.62407262957,4719,4569,6242,68.43640592322,105.76715776184,488,488,4003,30.40623319571
ID,2021,299.77050007648,5071,5009,7042,93.62693637462,138.32811209237,534,534,3326,37.7440179359
ID,2022,344.35511427895,5388,5388,6916,93.54858525447,167.7545049234,547,547,3525,39.44287716784
ID,2023,357.98148023812,5564,5564,7215,97.23524823968,161.66178701954,544,544,3456,38.4283705702
ID,2024,366.23041533919,5719,5719,7449,99.17105733912,164.76417383808,551,551,3510,38.63479626323
IL,2007,2635.92126002906,32061,32061,62957,1326.38345059229,1633.55582710059,3747,3734,27702,548.10088398561
IL,2008,2678.91003104516,34548,34548,66115,1386.677333175,1654.4988579256,3741,3631,29982,589.78854772132
IL,2009,2580.7994658939,37335,37335,68005,1400.81752769945,1716.18747055288,3666,3545,30096,576.14243793281
IL,2010,2726.98470227229,41679,41546,72121,1394.05767404099,1718.00770243474,3619,3499,29750,582.39726478141
IL,2011,2736.10177121552,44099,44099,74412,1431.52956072073,1752.46141315818,3733,3601,30258,596.3609378336
IL,2012,2801.79097219855,44556,44429,74383,1427.77689640778,1765.2506912502,4033,3865,31166,607.58925629348
IL,2013,2930.44755247339,46237,46021,73960,1336.73584805787,1758.44675141215,4007,3863,32076,631.47438893817
IL,2014,2950.87735371093,47380,47146,75305,1401.92414328488,1859.4916632918,4063,3926,34170,666.89952271564
IL,2015,3019.3256368372,47296,47296,73613,1445.15037255477,1969.17361410812,4185,4085,35212,700.40736297635
IL,2016,3132.71704161992,47459,46954,71995,1480.30647636064,2102.76885948149,4164,4031,36684,737.74957786678
IL,2017,3170.51106320833,47697,47470,72135,1476.34952169217,2208.45629117586,4416,4241,38624,752.82691801147
IL,2018,3367.49206533562,48750,48687,72872,1500.58269782205,2200.13443129029,4593,4395,39940,766.07395060088
IL,2019,3428.71301722252,48763,48763,72885,1557.56281223437,2200.98848541541,4449,4230,40767,818.63967553166
IL,2020,2521.59108163559,48139,48139,66969,1156.73470572949,1512.17309574677,3908,3687,40847,602.21986774792
IL,2021,3204.01374074085,49322,49322,64486,1405.59054442062,1819.71253272551,4133,3792,28003,641.98287829466
IL,2022,3541.64731827048,50175,50175,66831,1462.62632618864,2015.42553165003,4017,3817,31909,711.87378628612
IL,2023,3561.19568394026,50864,50864,66705,1457.23295113764,1905.19883315853,3916,3723,30893,685.9390382063
IL,2024,3523.92123908837,51340,51340,65904,1436.85414526734,1904.74167483417,3892,3691,30987,688.1882801592
IN,2007,913.68715930676,14984,13963,26079,436.6057139596,391.62537710674,1800,1800,10986,142.63364175037
IN,2008,917.26356861503,15159,14257,23980,396.98226587708,440.51289518168,1786,1786,10961,140.5409047611
IN,2009,887.04328219218,16047,14966,25101,405.80524204801,462.07216330814,1828,1828,11020,136.72232165605
IN,2010,918.70556345565,17038,15979,27607,417.69755549462,462.47844551014,1751,1751,11108,140.56294327348
IN,2011,899.82070462959,17514,16352,27929,419.23428030316,459.87910527727,1759,1759,10750,136.51309621369
IN,2012,889.28834231556,17522,16238,26693,399.73660402796,452.59903685588,1777,1777,10975,137.84483554053
IN,2013,930.51447424226,17549,16179,27233,380.56029353778,466.62108333439,1808,1808,11755,147.74891098757
IN,2014,913.86981443773,17448,16079,26875,398.07015411026,489.74875530157,1782,1782,11986,153.69189207418
IN,2015,921.64551534035,17299,15931,25368,396.69567766524,509.84868374583,1796,1796,11937,156.17895902394
IN,2016,937.59303798174,16776,15370,24733,400.62813373245,531.18022897074,1789,1789,12034,157.44065875377
IN,2017,981.13823126339,16800,15556,24520,399.21643161802,628.14809243934,1854,1854,14111,180.67140060358
IN,2018,1008.16002828056,17082,15758,24753,410.8863061586,614.33505542585,1989,1989,15407,196.70825764121
IN,2019,1053.60347948982,17467,16018,25727,433.59293909379,642.498342537,1946,1946,16170,211.47086238297
IN,2020,820.47450828512,17365,16095,25158,345.68999335892,449.27639123505,1776,1749,15554,150.64902572648
IN,2021,1085.105093797,18655,17013,26653,456.95013371466,542.21459873309,1815,1778,12749,189.8401212335
IN,2022,1181.62715402719,19513,17713,27337,473.5138233297,593.25761335492,1782,1782,12886,187.87934169677
IN,2023,1180.9634971871,19630,17848,27276,471.42737647627,561.21629926784,1740,1740,12267,177.95479354426
IN,2024,1161.53503401345,19662,17946,26938,462.91380982384,561.48667901868,1732,1732,12099,174.89324075774
KS,2007,454.87994476105,7718,7718,10876,176.97870541731,194.25978345459,821,821,5222,69.27602575947
KS,2008,463.13549132107,8111,8111,11202,177.63691302712,256.20331270018,803,800,6027,77.81988607378
KS,2009,450.52157723948,8623,8623,11848,184.4423279806,267.17793532768,796,796,5976,75.05748298258
KS,2010,461.66996103063,9120,9120,12764,182.81232765187,240.73362915944,697,697,5353,67.41679801924
KS,2011,463.55133687565,9607,9607,13131,188.03102452879,235.07876216829,666,666,5187,66.0583962721
KS,2012,453.45822835643,9514,9514,12580,180.43042528569,253.56255081148,708,708,5471,69.19820091673
KS,2013,477.77274162969,9572,9572,12238,164.25300971658,246.56036898896,715,715,5741,72.8612698522
KS,2014,488.36385665553,9846,9846,12618,175.85053067256,269.91672378379,792,760,5889,74.70275316528
KS,2015,505.03443691028,9608,9608,12937,191.5567331516,279.04690780241,779,768,5941,77.38008451238
KS,2016,513.47252079138,9208,9207,12925,196.33561265321,303.20545059879,812,794,6236,80.43991765784
KS,2017,529.02533663137,9343,9130,12674,195.53655873503,339.2589766001,846,806,7622,97.2234398878
KS,2018,550.40885688452,9454,9217,13264,205.5749907813,324.50099100301,840,787,7614,95.42410811517
KS,2019,570.55151886261,9324,9133,13880,220.86482096166,324.39123762004,837,791,7360,95.54607166355
KS,2020,443.80473620263,9480,9200,13175,169.25034254131,227.6058554495,722,672,7573,72.09434478182
KS,2021,607.03396303701,9963,9831,14841,229.63162063527,279.2250292908,736,699,6152,86.9134324218
KS,2022,720.01228616136,10336,10336,15764,254.59950968924,309.41205931733,757,757,6579,94.03518975749
KS,2023,725.01530191035,10268,10268,15935,254.7162879224,294.54518182133,732,732,6388,90.10936865561
KS,2024,718.44622332921,10158,10158,15942,253.23927135415,296.54379141023003,722,722,6425,90.26320263537
KY,2007,472.29075217473,7555,6325,11573,173.69294550777,227.23200304687,1017,1017,5255,65.21009773897
KY,2008,494.06703353717,7996,6701,11847,178.92228484585,271.92027820896,1016,1016,6776,84.50587050233
KY,2009,499.81416990185,9006,7175,12744,189.84705419893,270.04702927848,982,982,6435,78.43320895203
KY,2010,566.69106098017,11030,7888,14289,195.26653595981,286.89982327205,1030,1030,6551,79.82534710563
KY,2011,609.40241058108,12812,8400,15275,211.77497529368,279.05435649663,966,966,6503,81.32025466522
KY,2012,516.38091634123,9946,8376,13542,182.6779580808,244.50017637172,998,998,5722,69.02365796441
KY,2013,532.25464314877,10094,8652,14050,180.72925036576,262.38718336833,1002,1001,6220,76.73418687059
KY,2014,525.88512971912,10158,8835,13902,185.31593520027,278.11247250667,1019,1015,6225,76.5940338393
KY,2015,532.60187956781,10055,8843,13344,187.55113718359,293.95208787086,1087,1072,6137,76.94417506047
KY,2016,539.85188602245,9572,8737,13227,194.40284444369,305.34919254603,1025,1018,6465,81.8158168924
KY,2017,548.96578147895,9533,8822,13556,201.26194784448,341.27361039528,1050,1050,6956,86.5847711116
KY,2018,543.98402988053,8842,8842,12934,195.33080541361,312.43088294664,1003,1003,7516,93.08844868937
KY,2019,557.10515918904,8773,8773,13034,201.46245059529,329.27096463087,1068,1068,7684,98.26168997244
KY,2020,414.9840045676,8672,8672,12036,149.91393554731,219.78517558063,925,925,7163,67.05072578017
KY,2021,529.88648741053,8971,8971,11832,183.48016224453,265.6657496498,914,914,5694,81.75992410722
KY,2022,547.64912535984,9091,9091,12091,188.95287251489,319.2647214221,921,921,6250,87.64975964677
KY,2023,551.85709292639,9151,9151,12311,190.23755388334,302.69735864858,893,893,6012,83.13458172738
KY,2024,547.2561958298,9171,9171,12408,192.04161734278,303.52086903333,882,882,5993,83.18428372745
LA,2007,477.07154504733,7555,7550,9762,164.74716088646,203.78714952779,1118,1118,4413,64.17380586416
LA,2008,494.69175241233,7881,7881,10025,166.22986614076,266.11405501361,1143,1143,4954,70.69126533603
LA,2009,482.25049552396,8314,8314,10547,169.855981866,283.7332962389,1205,1205,4982,68.41912348073
LA,2010,513.08438364928,9323,9323,11359,169.94919782474,290.44771277994,1207,1207,4988,69.34283234024
LA,2011,509.74621641252,9856,9856,11658,173.71683955237,303.34593761039,1257,1257,4997,69.98180250282
LA,2012,494.42237605677,9934,9925,11376,168.66141565195,304.52964829695,1364,1364,5281,72.95287669518
LA,2013,548.36771291087,10178,10178,11881,165.88806693805,304.75590715887,1328,1328,5612,78.30484842713
LA,2014,553.61690999078,10697,10697,11245,164.27892319493,329.60426430637,1362,1362,5912,83.07109643943
LA,2015,618.28232624448,11642,11642,11939,181.9294104914,339.3680808122,1315,1315,6120,86.70282440802
LA,2016,674.00532714861,11768,11768,13364,215.07576641252,355.10887768304,1278,1278,6408,92.54826687454
LA,2017,741.07110768226,11833,11833,14334,230.14890119046,378.28798851525,1356,1328,6936,97.30523847902
LA,2018,768.33324761326,12435,12435,14569,235.17271512102,372.16197818853,1371,1343,7443,102.67475999897
LA,2019,811.20048841176,12866,12866,15435,253.7789049475,373.39038742035,1384,1368,7137,101.15993347652
LA,2020,622.13426926245,12549,12549,15089,203.14081081727,255.00542322779,1240,1185,6587,69.45280474097
LA,2021,837.61259261123,13518,13518,15815,266.17432744049,337.93846602483,1313,1260,5991,97.3018185736
LA,2022,998.95602984499,14082,14082,16846,280.8361421893,407.00920648149,1246,1246,6049,94.30901966376
LA,2023,1017.04089090383,14397,14397,17071,285.44289381773,387.84176740644,1224,1224,5927,92.41118255474
LA,2024,1018.99084944129,14656,14656,17122,285.86526365264,390.86532805372,1225,1225,6016,93.8677488395
MA,2007,1885.37666328701,25207,25207,40607,998.43325042052,1268.16609436893,3017,3017,22758,523.51729417507
MA,2008,1921.79613252921,26687,26687,43789,1067.52267831419,1293.05643367446,2992,2992,24631,561.05664590286
MA,2009,1881.10611679567,29063,29063,45173,1052.85507293613,1321.14397430432,2998,2946,24724,533.5304907887
MA,2010,1998.73521882149,32514,32514,48550,1062.19553718316,1335.80957870115,3071,2910,24440,539.49295922928
MA,2011,2067.1699685435,35111,35111,52589,1150.16562482462,1363.07486128522,3099,2916,24857,554.86670033293
MA,2012,2199.18929697549,35511,35511,53759,1170.15063789987,1386.55154231824,3203,3060,25603,563.88637608059
MA,2013,2311.33163431373,37201,37201,56150,1156.11383426619,1374.56329556704,3230,3068,26350,588.73450490889
MA,2014,2339.49863686587,37859,37859,57945,1232.4228045559,1504.32856048885,3340,3194,28070,623.55959753127
MA,2015,2440.44114078839,38207,38207,59415,1335.33136324544,1587.32588073829,3474,3269,28927,656.22093557584
MA,2016,2551.16028443064,38093,38093,59832,1395.21071972211,1695.83456736088,3443,3304,30135,684.75840395803
MA,2017,2582.69939724699,37886,37886,59982,1400.63499766359,1755.61559690333,3529,3406,31730,702.95555749124
MA,2018,2741.81568642474,39276,39276,59543,1399.58146701253,1765.65034342782,3531,3486,32812,715.66442534809
MA,2019,2821.1511112283,39588,39588,60246,1460.62311364911,1831.51923526944,3591,3560,33490,760.09086443596
MA,2020,2084.85895751446,38780,38780,58687,1143.05759756105,1254.98283616489,3196,3164,33555,555.76315777669
MA,2021,2667.34352912583,39950,39950,56481,1394.15028587808,1492.02756630717,3091,3091,23004,594.99158428459
MA,2022,2931.73512443272,41064,41064,61663,1553.64974984921,1720.7969915019,3064,3064,26214,670.73200663235
MA,2023,2970.36310229688,41579,41579,62670,1582.15252035028,1639.95628826041,2989,2989,25379,648.75364419696
MA,2024,2961.65304955041,41918,41918,63046,1589.19315417539,1653.14758070762,2975,2975,25457,651.16730464454
MD,2007,1644.01575593179,17284,17284,38047,814.80215190584,886.22410742329,2102,2053,16660,295.0145700783
MD,2008,1607.24460443813,18232,18232,38756,819.39256646389,811.86321577862,1959,1935,16294,284.49012411816
MD,2009,1533.03296363992,19448,19448,39016,813.65175907864,820.25858935617,1924,1906,15842,270.34427432352
MD,2010,1610.4568807817,21351,21351,41478,804.12132703125,833.59971443836,1938,1893,15562,269.03720664287
MD,2011,1599.88669637559,22192,22192,42516,830.95406463537,841.02995368895,1903,1852,15951,281.2135038413
MD,2012,1728.14905142908,22448,22448,43507,845.43283053169,819.15368959404,1905,1830,15297,265.81508805608
MD,2013,1782.54362454747,23624,23624,45106,825.08710422611,825.34275693389,1958,1846,16380,287.34175185112
MD,2014,1784.57356542088,23972,23972,45724,868.65796754732,872.35922023729,2055,1952,16242,284.82504616794
MD,2015,1827.05323493166,24013,24013,45550,911.57227171986,918.47708069102,2014,1873,17580,313.86109129428
MD,2016,1853.79873914593,23217,23217,44206,903.80301739945,983.47756403563,2047,1910,18259,321.49840483237
MD,2017,1826.54081452718,22973,22973,44251,912.87880501654,1002.69595681922,2065,1923,19282,333.54287801914
MD,2018,1932.09314286502,23169,23169,43228,899.47796479682,1010.1868929316,2037,1895,20291,346.26344954353
MD,2019,1948.15219315976,22955,22955,43137,933.08600697918,1035.64483655693,2076,1945,20148,360.56803500845
MD,2020,1434.4293930825,23152,23152,40057,694.49672269873,680.17756277884,1761,1618,20328,264.88085000637
MD,2021,1851.28195945617,23693,23693,38480,836.37844941718,794.24377617999,1787,1663,13664,275.03111062118
MD,2022,1932.27100456288,24119,22799,39425,867.78334898232,877.79370197436,1733,1727,15141,299.11578140447
MD,2023,1933.52445124401,24195,22845,39651,869.56550740481,829.65573440587,1674,1674,14592,286.3867511673
MD,2024,1904.01834296008,24168,22840,39471,859.88284985095,829.32661734269,1647,1647,14569,284.65054191686
ME,2007,173.58691985258,3315,3315,4077,70.99198672235,83.4786827402,522,522,2202,28.74868373824
ME,2008,190.59070268837,3486,3486,4437,78.74411965949,110.84595468296,517,517,2525,33.55201409234
ME,2009,179.19743841309,3588,3588,4493,75.52267649719,112.30204737217,481,481,2741,34.18494308819
ME,2010,182.20184328562,3864,3864,4565,68.51525942815,108.62331294733,449,449,2619,31.78113316784
ME,2011,192.71704846346,4263,4263,5145,78.33422471591,108.08320215814,449,449,2590,32.24979799501
ME,2012,186.20017834693,3993,3993,5007,76.17142601706,96.40013222914,441,441,2499,30.81553418627
ME,2013,197.61657262364,4174,4174,4973,71.20203777836,99.29810582002,410,410,2546,31.6934005061
ME,2014,194.05553235349,4210,4210,4704,70.35828132465,109.90809217184,439,439,2658,33.26559698579
ME,2015,196.5827639403,4105,4105,4668,73.40952294263,119.46593466024,454,454,2820,35.87362004002
ME,2016,202.64970955042,4030,4030,4568,72.81780827225,125.16719437873,453,453,2895,36.02565314687
ME,2017,208.01883865534,3953,3953,4692,75.65313623306,123.51512311055,439,439,2660,32.60146329321
ME,2018,219.87988340801,3979,3979,4827,79.95612659522,125.76366308185,464,464,2991,36.83887080372
ME,2019,233.32712204431,4027,4027,5153,87.84392596076,134.80960073064,486,486,3192,40.81096865883
ME,2020,176.26431273483,3845,3845,5039,69.61397946187,99.66756555653,417,417,3533,33.25633163419
ME,2021,230.02927590231,3968,3968,5236,88.69697061424,119.77529092924,417,417,2734,38.87413445816
ME,2022,252.59266376515,4022,4022,5131,87.56552649627,168.39725164492,420,420,2762,38.34634453167
ME,2023,255.09282244354,4011,4011,5179,87.88568639684,161.30739349104,403,403,2700,37.16711607478
ME,2024,253.5219537703,3982,3982,5173,87.1948349036,163.41645095078,395,395,2733,37.45210302857
MI,2007,1586.43884332705,25584,25509,40863,656.9331435825,748.84919224471,2083,2080,17089,284.48910428934
MI,2008,1627.2447881965,26323,26323,40514,641.78461836958,764.21150781169,2055,2039,16916,277.1385706055
MI,2009,1528.24267398326,27285,27285,41282,631.86933047907,780.53878387658,2031,2004,16520,259.10388243427
MI,2010,1554.99083424433,28719,28719,43626,644.17756424401,787.246134819,2005,1978,15666,258.32946976201
MI,2011,1559.42099313379,29898,29898,45888,672.60048240036,801.95644888804,2015,1982,16045,265.67314798432
MI,2012,1515.41315127136,29954,29954,44397,645.96194147375,816.57217491419,2124,2082,15646,254.93471159516
MI,2013,1599.32238346088,29664,29639,44129,598.94663860198,808.30390324595,2135,2094,15918,259.47782895071
MI,2014,1574.77385952124,29751,29422,44084,627.88223321148,884.33777816792,2237,2193,17260,284.17322635695
MI,2015,1590.00943470984,28800,28205,43318,648.40728001996,932.58991592512,2289,2253,17599,294.3108830679
MI,2016,1609.59248369317,27702,27005,42142,646.75347584184,996.0030420322,2322,2287,18682,309.22017157539
MI,2017,1721.6242291104,27516,26734,43195,679.72124069517,1031.72795355972,2423,2358,19032,314.48072572229
MI,2018,1731.1173371899,27272,26697,43709,690.21976993051,1034.98553463591,2481,2422,19993,324.26375206344
MI,2019,1774.08757251848,26914,26547,43860,712.38384120081,1073.48000599836,2552,2491,20371,342.81461529635
MI,2020,1360.3275721533,25676,25562,43974,580.01551201576,735.63776248889,2298,2228,20446,253.82244639943
MI,2021,1662.93473536118,27147,26370,41166,687.25822664643,877.7797290849,2311,2255,14502,280.78697370827
MI,2022,1941.45606578821,28350,28350,41167,683.91692056794,1010.85324169118,2309,2218,15565,290.65389757578
MI,2023,1922.77167024803,28110,28110,40839,678.16517018234,962.84435934558,2275,2193,14986,278.90404433178
MI,2024,1873.99181709075,27753,27753,40100,663.46013781305,970.07834689809,2286,2203,14948,277.77087443605
MN,2007,1396.48608357967,19144,19144,34079,682.16545626197,693.77519269835,1863,1822,14146,243.43352027583
MN,2008,1425.11658082692,19410,19410,35628,713.94761676374,701.34481238721,1829,1739,15310,263.40857014595
MN,2009,1429.99852540499,20916,20916,37494,741.60681905386,714.64684749969,1819,1775,15369,258.60753279793
MN,2010,1421.28329805702,22631,22631,38995,714.1644994165,722.47839121969,1728,1653,15192,257.94658489573
MN,2011,1449.52785481682,24021,24021,41141,750.72552255733,739.77743881898,1821,1729,15451,264.42288079126
MN,2012,1516.99401432222,24386,24386,41216,748.61738143374,758.68293471504,1953,1854,15915,268.75094563191
MN,2013,1588.51101170182,25348,25348,42102,724.61205352069,748.80259305675,1902,1823,16380,281.08844246502
MN,2014,1591.67059496816,25615,25615,42998,772.86383732955,822.30110875824,1988,1856,17449,300.98464083081
MN,2015,1637.70934743125,25624,25624,42382,795.30887868025,870.56562598304,1978,1873,17981,312.95925354527
MN,2016,1683.59524984524,25301,25301,41506,801.34034517273,931.81686796333,1979,1863,18732,323.82053954799
MN,2017,1689.10883969428,25629,25480,40967,795.20544178872,957.56462112538,2183,2083,19724,333.75843580412
MN,2018,1816.48622541346,25618,25569,42395,841.07906383441,968.34003125044,2152,2070,20395,345.0114473404
MN,2019,1822.2342149178,25339,25339,40917,830.09559680581,1007.11194673159,2115,2041,20818,363.2760984979
MN,2020,1354.90831711533,24288,24189,40575,659.47793852274,686.85022461574,1910,1810,20858,264.89307613963
MN,2021,1764.04753177258,24862,24862,41113,849.91479304464,808.84904176418,1912,1841,14300,284.61622711428
MN,2022,1789.75755270935,24901,24273,39693,833.43311475431,925.9678301193,1889,1606,16294,319.25292671868
MN,2023,1800.75784482993,25153,24411,39498,829.87146179673,883.68408666263,1812,1557,15775,308.38245475289
MN,2024,1783.02016543867,25299,24498,38904,815.66115277709,892.01936548582,1774,1534,15824,309.35250538154
MO,2007,878.17687631811,15550,15550,22187,381.79657971337,352.58509594062,1808,1800,9640,125.59192423731
MO,2008,942.46025777426,15772,15772,22406,376.21697648445,421.03027315055,1803,1742,10444,132.59089688333
MO,2009,921.65515280954,16843,16835,24029,395.20674189959,422.43650623541,1747,1684,10460,128.88840694447
MO,2010,952.01175351336,18127,18127,25401,393.04809662034,408.02302022785,1696,1663,10355,130.82629815828
MO,2011,956.21811818471,19070,19070,26662,412.99665210693,416.74271589765,1717,1687,10519,134.57322424171
MO,2012,921.68925585706,18199,17827,25429,383.74205352211,395.24681923518,1780,1777,10816,133.63859409488
MO,2013,962.54392088466,18334,17801,25415,359.04759107189,405.91972895089,1756,1756,11127,138.03039340884
MO,2014,972.48960071196,18480,17949,26138,391.5434772737,445.57784551437,1785,1764,11794,149.31109143897
MO,2015,985.79913861081,18028,17392,25690,402.28732374014,466.23539096243,1780,1770,12183,155.82839091786
MO,2016,1012.89854700964,17789,17109,25179,411.9177292151,485.76897825541,1765,1746,12638,163.02145522727
MO,2017,1037.36777812,17738,16770,24698,404.83991618346,504.76147753101,1780,1701,13354,168.04551551722
MO,2018,1088.4731539547,17988,17068,25614,425.14806356614,467.6646831156,1700,1599,13847,172.58793644533
MO,2019,1129.19172216433,18164,17340,26099,444.14989245521,489.09931341374,1768,1667,14195,182.99337519177
MO,2020,876.39410502719,18107,17198,25480,352.53771307231,351.06456195701,1601,1475,14166,134.86945082959
MO,2021,1141.4159797266,18655,17958,26594,461.25793746464,451.50645126198,1685,1576,10031,147.51782325461
MO,2022,1289.30975865268,19073,19073,27382,480.43738497805,607.99658417904,1694,1694,11173,161.10045052116
MO,2023,1293.21481710629,18995,18995,27484,481.79964257369,577.41595151999,1645,1645,10816,155.35581869831
MO,2024,1276.50906123767,18835,18835,27304,477.95601651961,579.96080199873,1630,1630,10847,155.92599016258
MS,2007,189.87830913536,3541,3519,3947,62.26019484702,94.11901558897,565,565,2086,25.33891203492
MS,2008,210.60309195619,3755,3662,3955,60.27630726268,115.31126426091,609,609,2585,30.30231237623
MS,2009,212.30699253697,4147,4060,4311,65.13946547146,123.98670440365,618,618,2885,33.22720219563
MS,2010,220.02081981242,4314,4233,4838,68.19713888253,125.45562654426,633,633,2779,32.53239626859
MS,2011,218.32624513624,4584,4513,4987,69.76503609752,130.14986969579,642,642,2834,33.3085305429
MS,2012,210.36867298208,4496,4434,4496,60.95162554106,135.35462029696,708,708,3077,34.99898585912
MS,2013,233.30957169726,4662,4610,5047,64.60491356904,129.70114399933,672,671,3098,35.42192008931
MS,2014,217.50243722889,4522,4450,4522,59.4541497255,142.68390204528,715,715,3254,37.35089655776
MS,2015,220.56715970889,4470,4388,4470,61.1721199254,153.47509771979,731,724,3508,41.20390520804
MS,2016,231.64094658521,4417,4306,4417,65.39611285929,154.37728180731,761,761,3074,36.5119062331
MS,2017,249.66735007969,4455,4364,4626,68.57793035078,145.97862458359,731,731,2997,34.69193114562
MS,2018,256.80194621221,4354,4354,4899,72.23044106234,144.10953370136,724,724,2987,33.64176769366
MS,2019,281.00841086169,4623,4623,4935,75.12332439224,146.70892741671,687,687,3243,38.04037316355
MS,2020,274.15960640356,4883,4883,7841,97.41697751289,105.37269983794,634,634,3066,26.66270663675
MS,2021,380.43309543121,5473,5473,8400,126.30467178379,135.34641419907,649,649,2867,37.17716987187
MS,2022,358.90180129153,5466,5466,5669,86.05363978624,188.95558916146,650,650,3018,38.28857208714
MS,2023,363.87679194082,5494,5494,5770,87.67726806935,179.79241526088,641,641,2894,36.6518634088
MS,2024,363.05540292991,5498,5498,5812,88.56598699975,180.92776440191,643,643,2876,36.60752118801
MT,2007,102.35895574176,1861,1846,2437,39.11774282633,93.4259197745,439,439,2408,23.79898612745
MT,2008,107.45795164488,1945,1918,2384,36.765119033,83.74713877959,396,396,2383,22.59785734565
MT,2009,108.70191617968,2162,2142,2587,39.50273912004,87.79049730812,400,400,2456,22.83969687155
MT,2010,113.34959063982,2326,2326,2783,38.07006389899,89.92737669253,391,391,2499,22.69715498094
MT,2011,107.96608689122,2304,2279,2809,39.85807512764,91.24440136433,387,387,2532,24.12399610214
MT,2012,110.42992752343,2394,2329,2751,38.33805736042,94.94034253202,398,398,2638,24.47765018003
MT,2013,122.28967665804,2462,2356,3142,40.21137635473,91.67509620434,392,392,2670,24.39984796369
MT,2014,119.68953947743,2483,2368,2963,40.15111285674,103.83595868049,430,430,2862,26.64961523905
MT,2015,122.19169080484,2411,2291,2926,41.43292664126,112.84151472186,454,454,3079,28.96384551424
MT,2016,130.60491248565,2391,2287,3034,43.96106425951,120.37773526613,464,464,3147,29.23089253253
MT,2017,132.50771012698,2424,2287,2999,44.37553369498,123.02786284381,497,497,3484,32.18853930031
MT,2018,144.58594083934,2585,2519,3056,46.09267949159,127.3348902384,486,486,3480,32.05084921934
MT,2019,148.22921797393,2599,2559,2983,45.91966091392,131.95147882253,503,503,3544,33.60872573327
MT,2020,118.82646568872,2688,2623,2926,36.45322839075,96.0325674333,476,476,3504,24.42178217338
MT,2021,160.45606263116,2887,2887,3204,49.82305588462,120.76042620925,496,496,3015,32.32089441749
MT,2022,180.50652147363,2975,2959,3396,52.1112882798,148.33949196541,513,513,3188,32.69452783853
MT,2023,182.74682522606,3039,3005,3441,52.90096353178,142.48070745674,517,517,3067,31.41909851034
MT,2024,182.07344631584,3091,3047,3453,52.55720355096,144.73633281329,530,530,3057,31.06781529778
NC,2007,1139.03852612476,17544,17007,24895,449.45984273623,806.71104416494,3061,2991,18669,248.92941776652
NC,2008,1175.21271948116,18912,17997,26716,471.8898075008,866.44487445018,3020,2947,21107,274.98169538796
NC,2009,1125.21672818328,20234,19676,26758,456.9470346155,856.23651411984,2913,2819,20613,257.26042128969
NC,2010,1165.6018442502,21643,20987,29058,473.61982754034,887.21857984605,2929,2839,20932,271.73218288048
NC,2011,1159.40545122602,22549,21882,29523,478.35530266146,900.47330176057994,2868,2820,21273,277.7132485513
NC,2012,1147.09917642594,22589,21869,27964,448.50248912901,916.37130405358,3016,2959,21272,272.50374129029
NC,2013,1228.67662253505,22804,22197,29943,447.77175762334,904.7596316502,3028,3009,21641,277.21026495971
NC,2014,1239.57164434346,23588,22934,30146,475.25197463615,986.82439814645,3143,3114,22995,298.87490838359
NC,2015,1302.27064526192,24072,23558,30147,502.33096560458,1051.97025148405,3228,3228,24364,323.48134146538
NC,2016,1377.60580567422,24185,23870,30539,527.00350123218,1127.82643573847,3333,3294,24692,327.74755011168
NC,2017,1498.01393425689,26098,25271,31457,552.17540885024,1185.98479611331,3492,3424,26534,348.81801006943
NC,2018,1612.46594557869,26887,26478,34129,607.1831835131,1201.10057546179,3614,3520,28889,376.47562658504
NC,2019,1690.79703777852,27565,26959,35134,641.14816803748,1264.73637429616,3826,3692,29806,401.93096726415
NC,2020,1333.74207702923,28198,27595,35120,517.59728448359,861.36054857808,3408,3291,29261,289.4790877588
NC,2021,1811.69631948284,30713,30223,37130,692.6656004028,1039.42576087915,3492,3364,19607,302.5280866809
NC,2022,2070.24876692526,31931,31600,39133,731.22411760975,1191.27728699232,3500,3273,21614,323.75550257446
NC,2023,2128.20439631839,32653,32448,40349,757.86355354252,1145.72072963359,3474,3265,21108,316.89335276888
NC,2024,2152.99967996773,33249,33246,41181,771.44966618044,1165.37824499894,3516,3311,21356,320.47737280509
ND,2007,144.66817497916,2714,2714,3579,60.71229485497,28.91861244577,205,205,1077,11.97436677347
ND,2008,170.039781185,2960,2960,3909,66.8323271841,49.43005067281,220,220,1330,14.88245097607
ND,2009,158.06837346726,2968,2968,3911,63.37090809456,56.87144402324,240,240,1527,16.05072736883
ND,2010,171.16292328707,3202,3202,4702,71.43682053851,58.43682777015,237,237,1543,16.56751133299
ND,2011,170.02444546389,3326,3326,4668,70.80142955115,59.66530866812,223,223,1713,18.57718339449
ND,2012,170.34273903062,3316,3316,4573,68.82457005521,68.21743233642,241,241,1843,19.6635338111
ND,2013,187.28998027595,3461,3461,4884,67.92837484892,63.37823521392,258,258,1839,19.44442930832
ND,2014,184.43638860483,3503,3503,4565,66.29663352598,69.5553882594,268,268,1935,20.56146634859
ND,2015,184.3531691163,3329,3329,4640,71.64422805545,72.49805512291,269,269,1944,21.22947679006
ND,2016,179.29262365821,3062,3062,4425,70.77437557595,81.41861475035,292,292,2051,22.39638993429
ND,2017,185.66174268149,3104,3104,4257,68.32042309731,86.17411997661,281,281,2608,27.81939435046
ND,2018,192.93767010904,3164,3164,4388,71.20690421266,86.36484632956,275,275,2592,27.34973094782
ND,2019,195.58409987,3127,3127,4387,72.13061820246,88.35624559333,275,275,2622,28.27904331564
ND,2020,162.5589243221,3332,3332,4324,56.77617185919,63.74468217891,246,246,2576,20.15022245682
ND,2021,217.03500796719,3534,3534,4682,74.06254347342,81.06452412553,264,264,2197,25.51304601755
ND,2022,239.00415565787,3527,3527,4733,74.29602345312,93.23889430152,291,291,2081,23.23607001447
ND,2023,237.82474996681,3553,3553,4745,74.25099015037,89.9244572003,290,290,1992,22.11493751148
ND,2024,232.88873039867,3564,3564,4709,72.8066264536,91.72353028732,294,294,1976,21.72222593138
NE,2007,352.54226062273,6415,6415,8966,136.65653438217,152.46718639273,582,582,3887,40.76385552916
NE,2008,355.50550245523,6646,6646,8954,137.74959732893,154.15159589634,607,589,4616,48.80422341462
NE,2009,343.35134710979,7062,7060,9358,138.95978226134,161.96399098908,638,613,4402,44.50728185705
NE,2010,354.61712769611,7514,7462,10269,140.55833918226,170.19300204607,653,624,4542,46.13712636219
NE,2011,340.01071946583,7577,7577,9919,133.06954665951,175.70730423367,660,638,4712,47.45709950548
NE,2012,350.53943402489,7694,7694,9699,129.90995268816,179.35122197866,652,642,4946,49.29864216687
NE,2013,368.49637544898,7990,7990,10074,126.85453867495,174.26692121677,663,657,5186,52.11728769129
NE,2014,360.63893198159,7927,7927,9646,127.53166920743,187.27291315373,681,667,5477,55.62234354131
NE,2015,361.40933174781,7880,7880,9310,131.7998100777,195.66402434916,676,659,5810,61.06135848031
NE,2016,376.33027179056,7785,7785,9249,133.61599900557,221.52512414423,746,720,6121,63.37100734547
NE,2017,377.66381420799,7691,7691,9057,131.72592947653,234.1298967964,797,770,7293,74.01617143497
NE,2018,397.75764537291,7821,7789,9272,136.22369860633,240.717884386,835,796,6871,68.89687004129
NE,2019,419.65490297219,7828,7828,9985,150.40440062193,249.02823281235,840,811,7404,76.78189358533
NE,2020,310.5858150704,7427,7427,9131,109.98115761403,166.97687431423,703,663,6941,52.2855956653
NE,2021,403.6279807309,7645,7644,9950,146.2167157495,203.1343764039,711,675,5557,62.92871561087
NE,2022,429.70959836073,7746,7746,9617,142.97050801495,226.60406023065,742,705,5356,59.4699062939
NE,2023,426.32665222073,7768,7768,9464,140.61705930256,217.42454427275,741,695,5237,57.95132384947
NE,2024,416.24568172458,7756,7756,9219,135.97401644936,220.63361258077,755,697,5305,58.40223271709
NH,2007,321.46444800038,4869,4869,6913,142.13468755055,165.96789016399,631,631,3303,55.76274597123
NH,2008,325.63440684057,5162,5162,7450,150.49499562967,177.39391609746,612,612,3941,65.27462283485
NH,2009,323.7275575467,5625,5625,7972,156.30019972286,177.92532715787,577,577,4023,64.08130549717
NH,2010,328.24483822117,5864,5864,8550,153.10888307442,176.05148035577,548,548,3930,62.31479165324
NH,2011,338.85295327846,6329,6329,9284,168.63584262127,185.9296232894,580,580,4019,65.3875495058
NH,2012,343.52723531217,6339,6339,9059,163.63260041156,202.00715807806,627,593,4628,74.22623388083
NH,2013,358.77426158115,6492,6492,9051,152.43211794454,185.11218782839,618,602,4299,68.9485634108
NH,2014,367.55522455166,6693,6693,9549,169.60503112081,211.12134445589,673,671,4767,77.59605679423
NH,2015,372.88752534389,6492,6492,9606,180.49362917449,225.2228940858,679,679,4927,82.00331324534
NH,2016,391.08253707368,6579,6579,9595,186.14819890697,247.03367681699,696,696,5259,87.24385620175
NH,2017,405.60403806359,6554,6554,9598,186.51076402346,253.59621217815,715,715,5798,93.80049696575
NH,2018,426.29501806202,6700,6700,9668,188.90701936283,263.36680731866,735,735,5692,90.5705895763
NH,2019,445.4238623681,6884,6884,9837,193.91487377016,278.51457333064,766,766,6044,97.8774212721
NH,2020,333.49598718522,6684,6684,9531,150.63089433601,198.79842543909,678,678,6297,74.26521414996
NH,2021,430.3668066243,6665,6665,9645,190.26123405024,239.23821054704,674,674,5032,91.26872800337
NH,2022,488.01930883715,6524,6524,9727,189.97812529096,257.11899844819,685,685,5124,89.1877345442
NH,2023,494.43895146175,6549,6549,9880,192.14221929411,247.21228224783,680,680,5035,87.0109188791
NH,2024,492.97872348228,6547,6547,9933,189.95811207539,251.37850935259,689,689,5125,87.28746360964
NJ,2007,2827.34748240975,49199,49199,64263,1214.44320996591,1391.49097140276,3788,3669,25975,527.37506789653
NJ,2008,2875.1858154895,52501,52501,69200,1302.98198601117,1407.6345847413,3786,3688,28112,567.97265597728
NJ,2009,2784.74852522717,56129,56129,72006,1327.6676788774,1435.29367897276,3701,3581,28220,553.20059297484
NJ,2010,2909.15155012311,62377,62377,76248,1310.74202967605,1451.97592939975,3627,3489,27895,555.59446342853
NJ,2011,2944.38656418586,66064,66064,80388,1366.70753980149,1487.69975917379,3689,3538,28371,565.33641914893
NJ,2012,3017.00791146534,66536,66536,82850,1398.1657717648,1526.68222403658,3818,3658,29223,573.01149602989
NJ,2013,3199.14953170695,68943,68943,86880,1374.82755322319,1507.73264855676,3836,3665,30076,593.06410147096
NJ,2014,3221.48825143514,70498,70498,90210,1484.54715788967,1656.72779791627,4072,3895,32039,632.36947471068
NJ,2015,3337.30843432643,70391,70391,91651,1570.7015600184,1755.01072383178,4118,3976,33017,655.8801712732
NJ,2016,3466.7161244914,69184,69184,94085,1664.70348257292,1879.58326151101,4102,3974,34396,681.00166050379
NJ,2017,3571.87227032411,69329,69329,95169,1725.96425391227,1932.62090476472,4339,4146,36216,715.58051029749
NJ,2018,3786.19250586046,71295,71295,98463,1796.43836708022,1955.46009492796,4450,4275,37450,728.08777557097
NJ,2019,3938.35284624282,71143,71143,99923,1871.93406543859,2034.86823586594,4545,4371,38225,769.79312245654
NJ,2020,2980.21874342444,68025,68025,98749,1488.69374311175,1388.52312019949,3898,3716,38300,563.8164603653
NJ,2021,3902.04776896544,69134,69134,95985,1810.07876218959,1636.0109110001,3675,3608,26257,595.78807902957
NJ,2022,4326.60470072872,69764,69764,101836,1947.14520001545,1873.86138425798,3611,3451,29920,667.13592632176
NJ,2023,4388.8377502064895,70774,70774,104416,1976.04903207065,1789.19098464642,3536,3395,28966,637.41268118219
NJ,2024,4381.858159825991,71491,71491,105970,2008.50960231494,1806.95519387867,3531,3392,29055,641.74958854857
NM,2007,210.3921117005,3225,2907,4604,66.11939461024,112.23212535937,458,455,2206,25.94552308713
NM,2008,208.96408543674,3390,2990,5021,71.43448588563,108.93121488968,508,500,2173,25.28521013439
NM,2009,189.64993521238,3444,2978,4834,66.69572312483,114.20248027667,493,479,2346,26.22308771209
NM,2010,198.74404597584,3752,3270,5292,66.99683218061,114.66589077283,464,450,2472,27.63331630635
NM,2011,200.80066027979,3991,3482,5482,68.77723650666,115.33541023812,464,448,2396,26.85353216393
NM,2012,203.15310423709,3876,3375,5455,68.03779964601,107.35585390608,451,443,2422,26.7467924766
NM,2013,205.94920647172,3936,3440,5506,62.779599577730004,111.32850727289,453,449,2535,27.44664275541
NM,2014,195.88098639045,3898,3387,4937,59.23537366824,124.34930318183,491,491,2623,28.76108946526
NM,2015,197.8512850334,3917,3408,4718,58.2520709895,129.74414414579,470,470,2746,29.95004251384
NM,2016,203.51033724937,3916,3402,4643,59.02757315943,141.33335353407,515,487,2894,31.37111465951
NM,2017,211.32544675792,4086,3632,4801,63.16954186404,140.05386101052,546,525,2917,31.8631356096
NM,2018,226.08860982892,4093,3701,4758,65.88068500366,135.82388653186,517,503,2785,31.31694734192
NM,2019,242.48774764893,4263,3880,5135,71.53491846489,151.21620600916,557,547,3190,36.40671792248
NM,2020,187.24701932532,4358,4006,4857,54.67771642269,102.33989855978,485,479,3242,27.15608050675
NM,2021,257.4098615326,4692,4500,4997,67.40301710803,117.56542804359,471,454,2163,26.74620046747
NM,2022,300.02135955433,4993,4136,5458,74.94749608776,173.73157155493,480,480,2526,30.82202170172
NM,2023,299.92214193067,5008,4130,5437,73.75470614436,165.10554955577,475,475,2446,29.39481006599
NM,2024,295.05617709208,5002,4115,5361,72.13357080429,165.94601210801,479,479,2453,29.30713013673
NV,2007,373.25016656924,4439,3712,7617,141.19680732162,328.54130884468,612,574,5021,83.09584490824
NV,2008,379.65896190446,4827,4096,8045,145.40481356857,274.14765864877,572,481,5731,92.3558922351
NV,2009,353.75538669342,5192,4341,7729,137.65529636563,248.81855371467,574,473,4545,71.51057769849
NV,2010,359.13595030993,5583,4676,8202,132.52520633056,239.3074303804,534,457,4166,64.7971105999
NV,2011,362.13395679062,5962,5080,8427,136.10631208043,262.03902643588,574,504,4358,68.54016806362
NV,2012,385.77125841561,6386,5479,8903,140.63307707122,283.81669228442,611,583,4628,70.58262407659
NV,2013,405.00358704382,6421,5625,8650,127.46243952073,259.91850294883,615,599,4345,66.29191145427
NV,2014,408.3727875586,6524,5740,8743,137.12659813119,306.74527448276,709,674,4737,74.04070745756
NV,2015,420.63396092618,6550,5851,8555,139.91583384484,338.06298118042,749,718,5391,84.9240975167
NV,2016,463.3906404415,6898,6285,9013,151.33643281069,391.53699828372,809,787,6142,95.89634593296
NV,2017,491.18003913615,7067,6506,9616,162.06468781976,354.4925530713,825,825,6160,93.99044601417
NV,2018,532.2793419638,7358,6699,10375,176.32108449244,390.05458517253,884,884,6057,91.15184195069
NV,2019,589.432704289,8008,7412,11258,196.81876080194,436.26932491083,947,947,7113,111.07879784757
NV,2020,499.32753477304,8541,8219,11681,162.82255784721,295.79303749951,854,854,6812,77.0475182032
NV,2021,729.45281695973,9584,9408,14077,244.17057318535,375.22189171756,874,874,5630,97.62874845075
NV,2022,733.49639220875,10302,8793,14268,249.4425396009,362.31680479878,867,738,6126,103.7737879316
NV,2023,759.47484332583,10533,9034,14568,253.71641163325,344.97737666167,859,760,6067,102.08749079552
NV,2024,773.87110611922,10722,9262,14724,254.43550573455,347.38813349961,868,794,6224,104.14303609764
NY,2007,4859.5028693772,87857,87857,114443,2144.30424160106,3244.61089302482,6365,5374,45299,1102.39577992817
NY,2008,4932.59326914175,93287,93287,119247,2226.08075731624,3281.93196046252,6278,5269,49027,1187.20933333245
NY,2009,4786.825472074929,100027,100027,124360,2272.81656373607,3346.09667464418,6207,5179,49213,1156.06406639336
NY,2010,5000.1368715426,109671,109671,132924,2249.95164622623,3384.66617902914,6126,5110,48648,1153.39402466116
NY,2011,5075.87275019978,116705,116705,139526,2365.742153723,3467.61656746768,6156,5121,49477,1188.7110937951
NY,2012,5255.215524007,117624,117624,140511,2347.12615160012,3558.15128092736,6488,5380,50962,1195.80224448543
NY,2013,5562.53004956751,121889,121889,145718,2268.4876345777802,3513.66787533648,6522,5410,52451,1230.08637459638
NY,2014,5625.891890515471,124929,124929,148235,2452.18350741345,3860.54621350938,6837,5666,55874,1340.20156396414
NY,2015,5848.839754680151,125765,125765,149159,2600.61774635068,4089.20808405296,6996,5824,57580,1406.79647396792
NY,2016,6102.0118603193,124471,124471,150878,2710.44085944971,4379.08575953378,7095,5909,59986,1457.74887463857
NY,2017,6295.12573532826,126127,126127,152844,2768.66116800876,4502.27065678515,7402,6092,63160,1506.89181591506
NY,2018,6690.31484440451,129461,129461,156258,2900.16208971236,4555.09586892989,7582,6259,65312,1561.57149503435
NY,2019,6986.68467167508,132218,132218,160059,3020.31553805848,4739.6806495090095,7799,6436,66663,1634.7920643166
NY,2020,5292.186246139529,130934,130934,158058,2398.42477862827,3233.93069205339,7021,5756,66793,1196.51473375321
NY,2021,6894.842206926391,136755,136755,155496,3010.73684166498,3810.03676625707,7061,5830,45792,1289.719739091
NY,2022,7681.26874530624,141769,141769,166190,3213.23776621272,4363.61452079806,7056,5730,52179,1422.3115177384
NY,2023,7807.062607579299,144273,144273,168782,3275.08231425705,4166.12336026925,6951,5665,50517,1377.92698190503
NY,2024,7809.77837411792,146215,146215,169699,3294.2321995869,4207.1681572608095,6984,5693,50671,1385.75836218661
OH,2007,2456.79574643141,35196,32147,53524,897.43995684204,833.62909497254,3521,3421,18698,280.76549222802
OH,2008,2455.99632162652,35764,33506,55772,931.73585117423,938.67474260993,3432,3301,20236,302.3892747055
OH,2009,2361.37586435165,37365,34910,58162,946.49062169097,949.32697670798,3359,3245,20314,292.96856366155
OH,2010,2445.34367390092,40107,37822,62168,951.91588312817,960.23071539385,3354,3238,20080,296.95474951191
OH,2011,2471.77595262018,42567,40410,65256,987.69210777255,969.99882285683,3351,3223,20423,302.00746721323
OH,2012,2446.4926794185,42677,40238,65716,994.18745470061,998.25966690358,3550,3384,21036,308.23248006022
OH,2013,2603.36073694265,43312,40856,68152,971.36277565088,932.14328190968,3355,3208,21650,320.5293761891
OH,2014,2555.26322513303,42990,40554,69329,1034.89361593421,1000.22450745771,3386,3234,23063,344.19142888675
OH,2015,2591.92944004611,41699,39472,69761,1095.28276117147,1012.28809928096,3371,3255,23767,360.55223478754
OH,2016,2617.58621045063,40072,37896,70565,1142.81631776139,1048.92745700049,3342,3245,24760,374.02996981673
OH,2017,2608.18609330604,38790,36697,71485,1182.26212537866,1101.4545102234,3383,3213,26070,391.57344475532
OH,2018,2645.88072722197,38572,36613,73081,1225.13636038467,1099.81245936762,3368,3262,26958,401.43128998362
OH,2019,2756.33886839969,39622,36489,74859,1282.24413385578,1105.88857721752,3363,3234,27516,422.34573708659
OH,2020,1983.44672147117,36214,35101,73922,1025.87979921162,790.94309941821,3111,2949,27570,311.44087925557
OH,2021,2682.82715109893,39204,36312,72724,1272.83202541417,956.99539056043,3170,3043,18901,331.80340149023
OH,2022,2835.8313922096,39433,37640,77725,1382.95345232977,1067.62619837299,3099,3085,21537,372.51744635502
OH,2023,2822.28898739669,39181,37427,78938,1408.99571617385,994.56474136548,2994,2960,20851,360.74543777771
OH,2024,2764.15494894398,38764,37134,79367,1409.79033021602,979.87148973374,2950,2887,20915,360.89014075758
OK,2007,299.87111156079,5094,4645,6846,103.29515671657,133.05741630129,833,833,3358,40.08462095637
OK,2008,351.33122332857,5871,4951,7592,116.30986574462,171.78424138259,831,831,3530,42.73168348606
OK,2009,343.15528316544,6318,5277,8013,120.02572441428,175.60002807726,802,802,3646,42.75030747387
OK,2010,348.21314121414,6762,5747,8007,110.50926791593,175.0915872347,793,793,3444,40.54793121783
OK,2011,348.08960587539,7042,5984,8479,117.13474257810999,166.46351236749,743,736,3344,39.86637456639
OK,2012,369.93551190273,7262,6148,8569,117.63561188007,190.29526533801,811,800,3880,45.57090805302
OK,2013,391.11163864108,7551,6386,9190,120.77367509927,190.40005571502,825,814,4216,50.84101642299
OK,2014,386.88651934891,7580,6390,8844,119.65263605285,206.36672017875,853,846,4344,51.9083401021
OK,2015,404.03543848291,7832,6718,8535,122.40181179017,222.41598026765,926,922,4367,53.4491261648
OK,2016,425.91432963335,7774,6722,8886,132.96918682176,238.59040092758,924,924,5015,61.83583905384
OK,2017,449.53398615648,8171,7015,9380,138.66515206728,269.26082657762,987,923,6461,76.62830313184
OK,2018,479.24363070258,8354,7219,9683,146.76539324349,270.29199014101,998,932,6757,80.36662385556
OK,2019,495.47425282465,8379,7451,9709,150.21590400509,279.59009084479,983,907,6908,84.60528811138
OK,2020,412.18412410337,8694,7926,9517,117.7093081122,203.81266983235,905,823,7302,64.94788818696
OK,2021,577.70856840657,9407,8577,11875,181.84340837771,255.61543330288,953,872,6221,84.40610214055
OK,2022,631.72758426508,10016,8617,11916,185.49524164059,314.25177487286,965,965,6610,88.3687572729
OK,2023,649.2314595178,10203,8899,12119,185.54825413591,302.97976414746,954,954,6453,84.59870605277
OK,2024,656.61242923567,10350,9172,12198,187.05612549513,308.93828648998,963,963,6526,85.88156108409
OR,2007,568.90105708747,8023,7433,11944,217.09586450559,454.15990837559,1339,1306,8858,153.23635743724
OR,2008,524.95101305558,8466,7962,12364,218.48708977211,427.29334031575,1324,1302,8670,145.63208668005
OR,2009,505.60100904535,9161,8635,12772,217.2488501529,431.12576059858,1340,1322,8284,132.71266515522
OR,2010,521.95051668994,10086,9657,12946,205.62692240692,434.70905753385,1314,1281,8260,134.66012541802
OR,2011,564.20283283964,11566,11247,14282,227.17300277175,425.3150318996,1221,1189,8389,138.54898871184
OR,2012,571.58638950144,12363,12114,14834,234.44065675093,421.49675756891,1274,1274,8380,136.32265215983
OR,2013,671.39872097963,13031,12869,16350,244.25772561255,416.26999903048,1243,1243,8452,139.392038515
OR,2014,680.98718006695,13408,13302,16468,255.48192743482,468.43286155295,1317,1317,9347,154.06194692523
OR,2015,725.37144050483,13477,13380,17229,278.52623314624,485.42988712416,1337,1337,9169,152.19820966259
OR,2016,746.91122995935,13430,13404,16734,282.38470594309,537.97276828898,1406,1406,9783,163.64166416415
OR,2017,744.84236183048,13753,13544,17209,299.08880870587,566.36911285037,1477,1465,10402,174.49231957376
OR,2018,833.21581672296,14056,13616,17865,311.26585147112,557.74355664758,1472,1469,10702,176.02115253713
OR,2019,892.00252878572,14655,14437,18543,330.51648546073,581.29401319372,1508,1500,11041,187.41581086756
OR,2020,649.75618837279,13815,13302,18195,261.72952131408,398.61201030714,1376,1359,11326,140.93614584493
OR,2021,798.10262967168,13707,13235,16484,297.96861794833,428.27318109444,1328,1327,6083,117.19717646926
OR,2022,845.66828540989,14192,13618,17384,317.65455194893,540.62286928437,1313,1313,7611,143.66928090232
OR,2023,860.94782155008,14572,13869,17966,326.14028892114,516.38883520293,1288,1288,7289,136.3040880528
OR,2024,862.56820782062,14896,14094,18377,333.79717524109,521.65274957451,1288,1288,7233,135.61459290042
PA,2007,2935.30046576035,50133,50133,72958,1290.06938795462,1159.00439153333,4360,4360,25535,391.91239417368
PA,2008,2994.06380494987,53238,53238,77022,1364.83920055145,1233.62920674808,4237,4237,27550,423.20655353683
PA,2009,2965.09744950344,57949,57949,81999,1415.69434961069,1254.51685203325,4141,4141,28102,416.74377611965
PA,2010,3145.88899507782,63858,63858,90749,1481.63651294842,1298.81358513427,4098,4062,29636,452.91561265174
PA,2011,3171.7128455142,67406,67406,95055,1547.17176477853,1308.67875013816,4078,4049,29463,454.0976692369
PA,2012,3351.76861787103,69512,69512,96895,1560.78222060065,1312.37137477247,4190,4158,29744,449.75417553495
PA,2013,3538.00005273614,72105,72105,99052,1503.81955192216,1285.7296624549,4179,4156,30280,462.79931356278
PA,2014,3606.2480046660703,74599,74599,102097,1601.64540404895,1359.26326564848,4194,4191,31094,472.64511687049003
PA,2015,3703.81987097998,73484,73484,103340,1693.18429334599,1443.7764807226,4276,4276,32490,498.50796491408
PA,2016,3821.21658405746,72564,72564,102549,1750.74451799921,1511.47620848164,4307,4307,32709,504.8172597364
PA,2017,3985.97470708686,72766,72766,105354,1827.3757737282,1543.9510865258,4364,4364,33693,514.38232555044
PA,2018,4163.51380506153,74116,74116,107901,1882.04503061993,1559.62284588474,4489,4489,34504,518.11455247459
PA,2019,4312.599992820649,75023,75023,110460,1976.71759308005,1657.95316898434,4669,4669,36633,569.33905059678
PA,2020,3156.61555089782,72306,72306,105718,1522.23564072032,1097.83217313847,4027,4027,35348,401.53703668356
PA,2021,4136.8024356027,75140,75140,107285,1971.6197347899,1288.05196057076,3983,3983,23819,425.52461901379
PA,2022,4479.015412958231,76298,76298,110490,2054.2776089963,1472.10025886366,3960,3960,27193,476.33186442172
PA,2023,4547.0241882605505,77181,77181,112581,2091.6229382063,1388.48319000078,3804,3804,26330,459.51598789974
PA,2024,4542.67639198254,77738,77738,113544,2104.15924306748,1385.05203492187,3726,3726,26409,460.76138373511
RI,2007,225.08015387416,4420,4420,5315,94.101727135230007,100.3831198542,410,410,1844,29.71925928825
RI,2008,222.66377647101,4540,4540,5369,91.56035006465,105.70632306213,416,416,1801,27.92902981619
RI,2009,206.33426320797,4747,4747,5143,85.51976728634,132.09151168456,447,445,2668,39.98176726342
RI,2010,210.05016307303,5055,5055,5347,82.79702143922,141.46816239933,446,444,2875,43.71429498103
RI,2011,204.93330281765,5237,5237,5266,80.44954815062,145.49053869047,464,458,2918,44.2799935916
RI,2012,204.60923366815,5195,5195,5378,81.84722338304,136.78375441045,473,473,3150,47.20282551609
RI,2013,216.16287349527,5208,5208,5263,74.70919011332,146.38821076523,474,474,3336,50.01825250389
RI,2014,215.49256090335,5266,5266,5381,80.07935264633,151.49769344665,448,448,3602,54.48515433028
RI,2015,227.46660160212,5340,5340,5695,90.35867219292,163.63883382992,467,467,3669,57.19977683032
RI,2016,238.766104158,5361,5361,5758,91.8858669901,161.60077358097,432,432,3603,54.52879926769
RI,2017,252.11596098688,5415,5415,5751,93.07469941851,182.86047862003,470,470,3570,53.34143909523
RI,2018,255.11256880004,5475,5475,5732,94.18627530952,162.54801952049,464,464,3631,53.88213310725
RI,2019,268.14784059176,5680,5680,5909,96.91828448714,162.49793880691,478,461,3484,52.05807370385
RI,2020,200.50581475611,5538,5538,5664,74.54488131661,113.99043896361,425,416,3747,40.81926211713
RI,2021,264.95805417208,5628,5628,5977,98.11784639324,128.93946081508,440,437,2183,36.54468400243
RI,2022,300.0236796001,5697,5697,6090,97.40503507889,141.55481049421,420,399,2418,38.22166255778
RI,2023,301.11505452189,5694,5694,6113,97.29151233051,135.84005230519,409,389,2421,37.97341627783
RI,2024,297.4056623263,5666,5666,6074,96.50446327847,137.86476150047,406,384,2511,39.40109588692
SC,2007,555.17821391979,9675,9556,12116,205.33287487861,247.47534048756,1193,1193,5807,70.50015784042
SC,2008,566.33927994544,10169,9638,12345,205.8155149153,256.34813544706,1163,1162,6307,75.2252184469
SC,2009,528.34644016483,10484,10196,11813,191.92545923706,260.96702436507,1145,1145,6302,72.58855514505
SC,2010,568.01881858166,11355,11105,13862,211.50582409598,269.70322292214,1178,1178,6171,72.73163785581
SC,2011,578.80958671531,12207,12038,14431,218.26983337012,275.47984990281,1129,1129,6524,77.11132613781
SC,2012,543.30982021441,11826,11430,13897,205.34361162873,284.32761867842,1190,1190,6739,77.15277836471
SC,2013,589.34879724368,12044,11643,14060,198.30798599184,278.30875434819,1240,1240,6545,76.70212644685
SC,2014,585.86539825054,12268,11957,13735,200.84223144795,302.87373845405,1289,1289,6754,78.97718745636
SC,2015,617.82719332977,12513,12234,13790,212.13012869658,329.8869723014,1331,1331,7480,88.93062921867
SC,2016,652.91319547345,12622,12448,14097,229.28365082733,342.89121458159,1322,1322,7446,90.36090574832
SC,2017,711.62385723418,13005,12761,14597,237.02415723248,349.66278647129,1393,1393,8129,95.88256249878
SC,2018,719.39272243479,12877,12877,14744,244.50099377478,371.84483796196,1435,1435,9057,106.72130837505
SC,2019,757.10446412428,13126,13126,15358,263.38136271181,387.31010423575,1494,1454,9260,113.82932555737
SC,2020,621.1523683887,13685,13685,15956,224.04392946043,270.49348115717,1306,1262,9445,86.34907307066
SC,2021,846.70768846775,15156,15156,16969,297.53872163688,335.68438780256,1318,1257,7944,111.75719167303
SC,2022,1051.59554844601,15944,15944,17643,312.7218418201,396.87937478678,1342,1342,8143,112.23373823143
SC,2023,1081.20114262163,16329,16329,17912,317.57671223086,380.87769418214,1319,1319,7881,108.33132110047
SC,2024,1093.96664579737,16653,16653,18001,316.43937670169,386.57589938998,1323,1323,7902,107.93428373578
SD,2007,105.27316541271,1977,1975,2700,39.68963868262,38.39503829207,277,277,1310,14.05250675246
SD,2008,110.3415753091,2088,2077,2623,38.25092025356,52.20728389155,295,295,1721,18.29723130676
SD,2009,106.04537823203,2151,2105,2805,40.3646990231,51.72846054357,283,283,1655,17.1984768684
SD,2010,108.26092192238,2247,2247,2986,38.13885216816,52.68846180093,286,286,1581,15.89253209754
SD,2011,103.66977916493,2185,2180,3053,39.03940224917,53.75627156865,289,289,1623,16.52329656897
SD,2012,110.50042913462,2242,2232,3048,38.79840319731,50.87951010365,317,317,1544,15.50839022183
SD,2013,113.99399926731,2295,2295,3182,37.46693490177,50.72609250499,297,297,1509,15.0418970415
SD,2014,111.85637299977,2231,2198,3209,39.35448118474,55.00794531104,305,305,1559,15.5775473536
SD,2015,120.97538502103,2376,2360,3279,42.03569347693,60.74803063059,345,345,1606,16.20715024832
SD,2016,124.55280568586,2323,2273,3307,44.03594885397,62.10200053325,337,337,1598,16.16917687127
SD,2017,127.63753120415,2323,2249,3461,46.03148420315,71.18417363877,344,342,1600,15.74973948017
SD,2018,132.12299292496,2313,2209,3300,45.10793671269,63.36518737988,338,335,1776,17.57361264943
SD,2019,131.43877678862,2205,2081,3273,45.32019672249,65.31408959051,340,333,1878,18.98477243545
SD,2020,103.71742040697,2153,1986,3275,37.52326500316,46.11371208881,294,285,1813,13.77747455043
SD,2021,134.28563750234,2274,2152,3400,47.85123124639,61.84484980917,320,318,1628,18.72153638482
SD,2022,150.23688424028,2270,2270,3370,46.88674922556,86.49124842208,303,303,1934,21.32031798967
SD,2023,148.89429815675,2275,2275,3376,46.01392822795,83.31169205328,295,295,1871,20.1414100074
SD,2024,145.21764637658,2271,2271,3350,45.31763021704,84.87151811909,292,292,1875,20.08319019201
TN,2007,898.32108477352,11544,10596,19720,375.45255814143,376.74002534979,1503,1450,10547,145.02197915103
TN,2008,914.00066729785,11855,10915,19458,365.85649796918,413.15226177925,1458,1368,10309,139.79609994544
TN,2009,878.24278832449,12346,11314,20550,378.92318069689,413.52349651649,1424,1339,9815,129.34570216411
TN,2010,903.61977097641,13242,12283,21787,373.63274316565,406.76432588323,1390,1311,9288,124.05294926995
TN,2011,913.62098654774,14011,13000,23013,388.88192327566,410.98472372941,1334,1271,9560,127.26979195348
TN,2012,899.43786272612,13554,12225,22149,378.32226297555,414.54523903119,1499,1434,10078,134.43645741298
TN,2013,960.88386712175,13828,12517,23368,376.9190640332,433.21321778379,1543,1488,9994,135.02768186361
TN,2014,960.90580319604,13947,12595,23504,392.68863624724,461.09070497721,1614,1569,10043,135.27079391527
TN,2015,1012.89038496102,14430,12965,23742,423.32769851585,485.64114516449,1686,1644,10343,143.6857277576
TN,2016,1067.74786861548,14398,13019,24273,445.11595340137,516.51293045406,1703,1671,10549,145.50440593841
TN,2017,1105.39048413501,14724,13375,24581,460.68617751868,558.08301106155,1785,1744,11326,155.444586859
TN,2018,1185.986611124,14872,13771,25956,495.65817456391,580.97565485946,1891,1866,12568,171.90294047177
TN,2019,1228.86378559271,14779,13487,26802,523.56268907037,607.73520519251,1918,1888,13429,189.54549186325
TN,2020,947.43270838779,14580,13413,25980,412.52430141728,436.65380029273,1747,1730,13451,140.19605037445
TN,2021,1282.18146421255,15735,14902,27748,547.08162875466,536.36169672284,1782,1758,10733,171.1485316064
TN,2022,1504.97889390026,16274,15766,27707,561.05969266439,694.13420243464,1908,1908,11666,185.18308691644
TN,2023,1531.18666243196,16256,16175,28034,572.35459814291,666.19028904989,1910,1910,11343,181.0006098737
TN,2024,1533.08309054767,16168,16168,28076,573.47314000086,676.20032890059,1951,1951,11426,182.80633305403
TX,2007,3696.80749592168,46161,43319,73919,1499.9326201923,2219.61697563103,6277,5767,38228,660.17303996985
TX,2008,3757.97031471675,49014,46064,77022,1566.35684230652,2250.46963395732,6191,5654,41373,715.17445280052
TX,2009,3652.39604529142,52555,49482,80324,1613.72249748421,2299.93181188224,6121,5558,41531,702.7183064397
TX,2010,3820.97062206645,57622,54579,85857,1604.36702850652,2332.00813897533,6041,5484,41054,704.11425642771
TX,2011,3884.8431713431696,61317,58212,90121,1689.10313487304,2394.90348020184,6072,5494,41754,726.60766103854
TX,2012,4028.41126284808,61800,58364,90757,1687.77377890491,2463.36741627039,6398,5772,43007,736.15974329669
TX,2013,4270.76634325018,64041,60457,94120,1640.52445756592,2438.47648874687,6432,5805,44264,761.58222317063
TX,2014,4326.38123119062,65638,61935,95746,1746.97064862555,2685.74685674687,6742,6078,47152,817.40569411098
TX,2015,4505.18887919165,66077,62299,96342,1858.81767722473,2851.80282453377,6899,6249,48591,860.84793181053
TX,2016,4707.997738347831,65397,61684,97453,1971.63124237535,3061.49348411676,6996,6341,50621,907.82756984777
TX,2017,4865.16632025616,66268,62360,98723,1980.72509735386,3155.41778282435,7300,6537,53300,922.93553224974
TX,2018,5179.40913325398,68019,63960,100928,2059.72766941999,3200.39867731255,7477,6716,55116,949.47667844364
TX,2019,5418.20719085921,69468,65289,103383,2157.52615773333,3338.43541461885,7691,6906,56258,999.77246352992
TX,2020,4111.31679486869,68793,64595,102090,1742.51734026808,2283.58997074239,6924,6177,56367,744.22448506719
TX,2021,5365.89531967688,71852,67750,100435,2157.75544334256,2697.22034563472,6963,6255,38643,791.3337121778
TX,2022,5988.71552159147,74486,69523,107343,2328.10223406166,3096.99097092048,6958,6149,44033,882.24419395617
TX,2023,6097.92663338866,75801,70715,109016,2372.31733519756,2964.41215150148,6855,6078,42630,854.49920715888
TX,2024,6111.36378606748,76821,71755,109609,2388.08618223158,3001.34532306097,6887,6109,42761,860.03909389809
UT,2007,327.85124693253,5885,5545,8212,109.05016755764,218.57988269038,648,648,4224,52.25736295564
UT,2008,325.68269505289,6426,6217,8565,112.4114129772,168.10446613198,642,642,4575,55.88008731877
UT,2009,327.95466885269,7021,6827,9546,122.09889908169,170.23557851138,638,638,4582,54.04334932721
UT,2010,324.79364618655,7346,7260,9461,111.86848809651,164.73317072141,598,598,4537,53.90280894038
UT,2011,329.27888217557,7707,7598,10153,123.17391082929,170.50599362052,627,627,4608,56.82871775073
UT,2012,331.7832938486,7904,7626,10360,122.19710997764,193.44549150441,701,699,4738,56.31651075071
UT,2013,369.5902048794,8383,8245,10574,116.89495644614,204.34573269616,749,746,4875,58.23732309516
UT,2014,384.37069226269,8755,8685,10962,127.16771169642,219.32348969592,776,776,5167,62.34274213801
UT,2015,402.34956563277,8679,8581,11180,133.90156120449,239.1688373284,770,770,5337,64.25727571882
UT,2016,422.59606825478,8810,8810,10988,137.60862252566,252.29129610753,761,756,5537,67.28377759853
UT,2017,460.65844836032,9500,9500,11551,145.90075006069,252.47176540874,780,780,5850,69.81723552428
UT,2018,506.90549994242,10044,10044,12226,158.62799286178,250.98693405278,789,789,6066,72.73429090293
UT,2019,557.73787865051,10595,10595,13248,177.5888360324,260.72391503962,819,819,6219,77.713626344
UT,2020,486.26713699154,11260,11260,14652,163.33061405976,194.00964515162,801,801,6206,58.58774220815
UT,2021,696.75769654569,12415,12415,17897,245.66697575734,264.22759280979,881,881,4395,62.94575408715
UT,2022,806.62655509925,13795,13795,18705,256.99193594273,268.50565086974,835,789,4895,68.01368239294
UT,2023,836.13053114734,14324,14324,19297,265.28314032001,257.84661182998,820,782,4738,65.68604441123
UT,2024,852.93409731494,14811,14811,19705,268.52516575671,261.87356123202,822,788,4752,65.44649178992
VA,2007,2033.35789050158,25809,25407,44563,924.14542089477,914.93953634499,2585,2475,18043,285.48380826773
VA,2008,2075.81793194153,27396,27019,45402,936.88775629318,934.67233177505,2550,2502,19528,307.0545366823
VA,2009,2000.37844160093,29074,29023,47115,961.96225455787,955.61442128933,2501,2446,19603,302.17492472233
VA,2010,2089.29828126294,31998,31998,49893,940.94249858656,964.79667364193,2427,2391,19377,300.67652559425
VA,2011,2091.61710485002,33425,33425,51632,990.78484167394,983.80223535127,2423,2356,19708,314.76763025888
VA,2012,2224.45056658404,33678,33678,53032,1004.01628685034,1002.71639260696,2719,2607,20299,317.10497216448
VA,2013,2298.7360154976,35156,35156,54122,960.57790228052,993.52668384437,2797,2660,20892,328.12013951587
VA,2014,2310.69536747088,36012,36012,55410,1029.94445511611,1088.02584772958,2920,2788,22256,352.33784478117
VA,2015,2375.26669858459,36255,36255,55074,1072.13651948826,1148.47838425281,2985,2824,22935,367.51631931261
VA,2016,2460.4209797102,36203,36179,54202,1096.02705414751,1227.71849868699,3054,2894,23893,383.91977497798
VA,2017,2452.28874043711,36379,36379,53148,1085.11940742514,1272.92950223277,3111,2967,25157,397.39318666426
VA,2018,2656.87502207412,37530,37514,54969,1132.98903633852,1278.11372062589,3143,3003,26014,405.74868108722
VA,2019,2745.6419608626,38509,38294,55597,1175.62975778173,1326.84541678711,3143,2990,26553,428.62353727176
VA,2020,2064.22292677435,38693,37887,53083,903.34790106241,910.07392336617,2845,2687,26605,313.95900014529
VA,2021,2704.35585920514,40273,39737,53206,1140.3409356398,1086.87518101915,2925,2790,18239,334.02827464685
VA,2022,2839.80099053153,41207,40776,54994,1187.94017609453,1252.73418381321,2909,2655,20783,371.795721102
VA,2023,2866.53567546563,42097,41475,55293,1196.07344667372,1194.25997956257,2851,2609,20121,359.40598466494
VA,2024,2847.51895615547,42823,42087,55029,1192.54216811083,1204.25063890854,2849,2604,20183,361.96371330615
VT,2007,104.52600034196,1977,1977,2220,43.29644502733,62.01123621072,297,297,1848,27.18449600389
VT,2008,103.42385159361,1993,1993,2166,42.39661783321,58.208310740580004,244,244,1661,24.48756635911
VT,2009,101.23276391812,2121,2121,2320,43.69359819367,60.43520278605,246,246,1591,22.37163135768
VT,2010,106.82054121283,2337,2337,2544,44.32990303596,62.24577735276,249,249,1556,22.05232016279
VT,2011,101.42842985194,2245,2245,2555,45.11315672688,63.39286839555,253,253,1553,22.56985581231
VT,2012,102.21106661923,2195,2195,2524,42.61111896587,60.28639491193,260,260,1206,16.60415237933
VT,2013,111.26354308188,2283,2283,2717,43.2217537683,61.08460406458,249,249,1632,22.71722582317
VT,2014,110.77493970589,2267,2267,2768,46.43487854451,71.82148438505,280,280,1842,26.02807526888
VT,2015,113.8777701784,2258,2258,2739,47.23447305889,75.90243448905,275,275,1967,27.61745856823
VT,2016,117.41542425975,2312,2312,2652,47.21415553606,81.71968197229,295,295,1920,26.85747345886
VT,2017,117.38581686382,2155,2155,2570,45.79353429865,79.24003156529,284,284,2010,27.39652702957
VT,2018,114.31020687671,2087,2087,2434,43.53106235779,76.33226460288,272,272,1947,26.05681789575
VT,2019,119.40529194397,2160,2160,2480,45.43614827062,74.79881648232,258,258,1970,27.24956348042
VT,2020,85.31871842419,1989,1989,2229,33.16510485578,50.82118209134,221,221,1878,19.16203412041
VT,2021,111.61990612334,2051,2051,2384,42.98012345737,57.16357592085,215,215,1298,19.76534394065
VT,2022,115.03482968815,2160,2160,2381,42.72760141635,59.02517569398,213,213,1343,19.72962148112
VT,2023,114.74145468685,2143,2143,2379,41.90257411218,54.97975832149,203,203,1241,17.84920662492
VT,2024,112.62924611475,2116,2116,2352,40.75199711329,54.16148841703,196,196,1189,16.85643514386
WA,2007,1440.70708817602,19377,18617,28408,646.75241429231,882.20137314157,2114,2084,15936,324.47523913448
WA,2008,1455.10299053658,21908,21565,31817,720.97471103651,850.59670106829,2126,2078,17248,349.08737879469
WA,2009,1441.18267472999,23946,23746,33893,749.46069385088,910.70929951066,2201,2155,17314,338.82247167618
WA,2010,1556.69788759764,27483,27483,36715,764.15773567714,941.47396280904,2252,2226,17114,343.54553089971
WA,2011,1650.43089431955,30836,30836,39319,816.40075215655,978.48555044516,2313,2300,17407,352.60788842239
WA,2012,1726.54920717521,31367,31367,40934,828.93564136269,1028.23790812377,2465,2444,17929,351.15485490416
WA,2013,1904.25336023299,33385,33385,44327,837.17144667261,978.25076467448,2412,2398,18453,361.47878313465
WA,2014,1953.80599701924,34561,34561,46081,932.72179270423,1107.81198705517,2546,2454,19657,397.22304349026
WA,2015,2027.02427672352,34773,34773,45397,967.31213323129,1171.1048010465,2568,2510,20257,416.46621075117
WA,2016,2129.18274082771,34440,34440,46466,996.64649425107,1241.32237164753,2552,2500,21103,421.60274474764
WA,2017,2150.86621282921,35218,35218,47246,1052.85077553575,1313.56131386477,2676,2616,22220,449.0522214267
WA,2018,2398.74292934198,36713,36713,48757,1094.11427811765,1295.26041853891,2677,2619,22976,457.3365692203
WA,2019,2494.39859354317,37428,37428,49135,1145.00785996955,1371.27644771677,2785,2715,23452,489.03609043561
WA,2020,1848.73975411141,35974,35974,47645,879.41190326966,889.60464046816,2527,2467,23498,352.54494932484
WA,2021,2370.18060371896,36953,36953,45811,1089.50975091447,987.62071427335,2532,2501,16110,383.73792106844
WA,2022,2734.3781104914,38530,38530,49996,1199.02847582413,1148.15949530768,2553,2357,18357,427.34873564032
WA,2023,2815.36952839543,39752,39752,51319,1241.73501693506,1100.23591600159,2498,2311,17772,416.2044239801
WA,2024,2852.67351993456,40837,40837,52141,1263.76719293744,1115.04306341076,2491,2303,17826,419.11421321122
WI,2007,1285.93224261357,20886,20886,33687,583.77314036529,506.18977962927,1866,1866,13503,166.15053037136
WI,2008,1275.63596233191,21823,21823,34645,594.8997164685,516.75392295038,1925,1925,14614,177.95965927669
WI,2009,1239.85656948654,23335,23335,36123,603.03769004197,528.62132704525,1849,1849,14670,172.08217496919
WI,2010,1277.12345135795,24799,24799,38808,603.9014302625,535.13886261975,1899,1899,14501,172.79436215336
WI,2011,1271.13891940859,25933,25933,39911,617.94905145386,546.72413089089,1939,1939,14748,176.88739290553
WI,2012,1245.15607118597,25261,25261,38702,597.56369486912,556.81426805548,1934,1934,15191,180.12038979815
WI,2013,1316.88438602468,25764,25764,38980,562.88031757567,552.66772508638,1969,1969,15635,185.93734559463
WI,2014,1287.74817531201,25375,25375,38400,583.222436189,605.57274409519,2025,2025,16655,200.51725548646
WI,2015,1301.20805576583,24531,24531,38357,605.59629650024,639.75431767937,2060,2030,17163,207.59646802213
WI,2016,1343.04326147892,24459,24459,37258,621.59316413371,684.31078734549,2059,1939,17880,220.61694645723
WI,2017,1429.66425509864,25061,24945,38560,646.7914723622,709.28599937438,2062,1926,18827,227.38469437316
WI,2018,1459.47310836905,25017,24492,38892,665.83406113387,714.19697937275,2123,1985,19468,234.73108200274
WI,2019,1453.57613119229,24428,23967,37344,650.9278624605,741.72932263693,2163,2047,19871,246.0811005847
WI,2020,1091.95896374748,23525,22917,36463,516.48057079845,508.85228914329,1962,1844,19910,182.00888071854
WI,2021,1392.21584797033,23781,23276,36622,646.36946267114,605.68959696157,1930,1801,13650,191.58372304312
WI,2022,1544.98808329929,24042,24042,35392,625.70201281346,699.39348068711,1935,1935,15553,211.93278014149
WI,2023,1539.83598044724,23754,23754,35226,623.43404561242,667.33246961396,1908,1908,15058,204.80318036929
WI,2024,1510.30138461533,23369,23369,34702,612.60176915188,673.50222452712,1918,1918,15104,205.35755112665
WV,2007,168.21583998458,3289,3057,4385,58.05956651293,89.85547296191,476,476,2216,23.99267148491
WV,2008,182.96254082716,3238,3024,4419,56.52162700179,84.76374533301,448,448,2134,22.29445182155
WV,2009,177.88271673122,3423,3150,4658,59.55970359392,84.97334801589,429,429,2118,21.92230732062
WV,2010,188.00352426067,3696,3417,5245,61.03385545254,83.07822684776,403,403,2032,20.85125127065
WV,2011,187.09964339202,3812,3482,5406,61.47190075029,79.39902704512,381,381,1909,19.37097833847
WV,2012,185.11553817482,3643,3319,5629,63.85726872938,69.00279919347,392,392,2129,21.36787369818
WV,2013,193.77503794865,3781,3440,5448,58.66105325083,77.38068997342,383,383,2025,20.69056706584
WV,2014,185.15464458582,3730,3374,5035,56.96257424687,77.1851290017,387,387,1853,19.14385631678
WV,2015,188.05468368682,3693,3354,4908,57.88378198857,81.44482230362,390,390,1936,20.14650678711
WV,2016,187.79463767001,3574,3216,4622,55.8306883761,78.23352743728,349,349,1846,18.9998974746
WV,2017,190.36966425504,3461,3188,4592,56.21457680575,88.02811851902,370,370,1865,18.9371277413
WV,2018,198.34422691875,3447,3116,4743,58.25216516106,81.79191935686,361,361,2027,20.19489776298
WV,2019,208.1009420172,3487,3085,5117,64.43129506867,85.83893523493,382,382,2071,21.34456199735
WV,2020,149.10420678065,3299,2880,4448,44.20613430672,54.66860069028,314,314,1827,13.49989804031
WV,2021,200.62845960529,3500,3096,4932,61.69976924511,70.30782718173,315,315,1644,18.84490363406
WV,2022,237.77917148839,3703,3401,5018,62.28690789761,94.99390347236,299,299,1445,15.91777346982
WV,2023,235.33641063773,3670,3354,4957,61.28551830253,89.18665113992,283,283,1348,14.75104893853
WV,2024,229.21565141534,3622,3301,4847,59.12866559457,88.5576750392,273,273,1304,14.10743345221
WY,2007,63.86798932141,1205,1205,1411,21.32620808045,26.49200527353,211,211,745,8.26861780021
WY,2008,68.86428186316,1380,1380,1630,23.96700667703,30.67858759617,212,212,768,8.2877530641
WY,2009,67.35377600506,1521,1521,1664,23.68664972903,33.15729566689,204,204,921,9.53215394307
WY,2010,71.23914771319,1697,1697,1818,23.71012709953,33.03573197885,202,202,874,9.03226840003
WY,2011,69.80943336851,1794,1794,1799,22.91514667141,33.11475362544,208,208,800,8.16737019715
WY,2012,68.09913320622,1775,1775,1775,21.24954302355,36.29913060875,245,245,965,9.93805114509
WY,2013,72.8492701186,1820,1820,1820,20.90501584801,36.60837909225,233,233,961,9.65392817574
WY,2014,69.99237763939,1787,1787,1787,19.89629348281,40.34718304488,243,243,994,9.93906002923
WY,2015,72.8540955006,1859,1859,1859,20.79376174073,42.97794874972,241,241,1099,11.24138879368
WY,2016,72.29232733953,1697,1676,1697,21.57263692425,46.03693751886,245,245,1153,11.7787279577
WY,2017,76.64938841795,1698,1698,1701,23.5292759724,46.72210189582,240,240,1166,12.023876144800001
WY,2018,76.88680889175,1667,1637,1769,24.11695690515,43.04054758822,233,233,1126,11.19093745288
WY,2019,74.04571991797,1654,1654,1654,21.12028668403,45.08867526398,241,241,1177,11.94863179207
WY,2020,58.54153579386,1726,1726,1726,15.30328911916,31.43586032893,208,208,1134,8.69707303081
WY,2021,76.86307025229,1751,1751,1751,22.81226937891,41.90424054821,225,225,1037,11.72452524054
WY,2022,69.83337784348,1764,1555,1764,19.19177887807,50.14738594006,222,222,1023,10.80845640759
WY,2023,68.97368835936,1770,1551,1770,19.08040409988,48.05371174955,217,217,991,10.36856469274
WY,2024,67.04149331705,1770,1544,1770,18.60177840691,48.69987033882,215,215,994,10.25568292408
